"module","topic","question","answer_a","answer_b","answer_c","answer_d","correct_answer","explanation"
"Information Systems 622","Topic 1: Development Strategies","A retailer needs a system that can optimize delivery routes around its unusual loading rules no package fits. Which acquisition option best addresses this requirement?","Adopt a standard payroll application","Buy a generic horizontal package without changes","Develop custom software in-house","Use a detail report instead of software","C","The choice fits the organization’s requirements and the cost and integration trade-offs described."
"Information Systems 622","Topic 1: Development Strategies","A company wants to decide whether to build an application or obtain a vendor product. What is this decision commonly called?","Schema-or-subschema decision","Control-break decision","Make-or-buy (build-or-buy) decision","Sequence-or-range decision","C","A make-or-buy decision compares internal development with purchasing software."
"Information Systems 622","Topic 1: Development Strategies","A package is adapted by a firm that adds industry-specific features and resells it. What is that firm called?","An Internet backbone service (IBS)","A database administrator (DBA)","An application service provider (ASP)","A value-added reseller (VAR)","D","A value-added reseller customizes a commercial package for a customer or industry."
"Information Systems 622","Topic 1: Development Strategies","An accounting package works for retailers hospitals and colleges. How is this type of application classified?","Mobile application","Horizontal application","Legacy application","Vertical application","B","A horizontal package supports common business functions across different industries."
"Information Systems 622","Topic 1: Development Strategies","A clinical system is designed around the information needs unique to hospitals. This is an example of what?","Horizontal application","Web browser","Office productivity application","Vertical application","D","A vertical package is tailored to the specialized needs of a particular industry."
"Information Systems 622","Topic 1: Development Strategies","Why might a firm choose in-house development even though commercial packages are available?","Packages always require more time than custom software","In-house development removes the need to analyze requirements","Its requirements are distinctive and packages do not meet them","It guarantees there will be no maintenance costs","C","The choice fits the organization’s requirements and the cost and integration trade-offs described."
"Information Systems 622","Topic 1: Development Strategies","A packaged system would force a company to redesign stable critical work procedures. Which reason for custom development is most relevant?","Taking advantage of a control break","Avoiding all user training","Eliminating the need for integration","Minimizing disruption to existing business procedures","D","The choice fits the organization’s requirements and the cost and integration trade-offs described."
"Information Systems 622","Topic 1: Development Strategies","A new budgeting application must exchange data with a decades-old accounting system. Packages tested so far cannot do so. Which concern supports custom development?","Report page numbering","Compatibility with existing systems","Responsive page layout","Data warehouse dimensions","B","The choice fits the organization’s requirements and the cost and integration trade-offs described."
"Information Systems 622","Topic 1: Development Strategies","An organization develops software internally partly so its IT team can respond quickly to future business opportunities. Which benefit is it pursuing?","Removing the need for internal IT staff","Outsourcing its system knowledge","Reducing all long-term ownership costs automatically","Building internal resources and capabilities","D","The choice fits the organization’s requirements and the cost and integration trade-offs described."
"Information Systems 622","Topic 1: Development Strategies","Why can a commercial package often be implemented sooner than a system built from scratch?","It cannot need customization","It never needs installation or integration","It is already designed programmed tested and documented","It requires users to define the source code","C","The choice fits the organization’s requirements and the cost and integration trade-offs described."
"Information Systems 622","Topic 1: Development Strategies","A firm compares only licence price and ignores training process changes and customization. What important perspective is missing?","Total cost of ownership (TCO)","A control field","A sequence code","A database schema","A","The choice fits the organization’s requirements and the cost and integration trade-offs described."
"Information Systems 622","Topic 1: Development Strategies","Which statement best describes one possible benefit of purchasing a mature software package?","Its vendor is prohibited from releasing upgrades","Its major issues may already have been identified and fixed","It will always fit every business without configuration","It cannot require support from IT","B","The choice fits the organization’s requirements and the cost and integration trade-offs described."
"Information Systems 622","Topic 1: Development Strategies","A company wants vendor-provided enhancements as hardware and storage technologies change. Which package-buying advantage is relevant?","No dependency on external support","Unlimited control over the vendor roadmap","Guaranteed elimination of training costs","Future upgrades provided by the vendor","D","The choice fits the organization’s requirements and the cost and integration trade-offs described."
"Information Systems 622","Topic 1: Development Strategies","A small firm wants to avoid managing servers and installations for a web application a provider hosts and operates it for a fee. Which option fits?","Horizontal application","Application service provider (ASP)","Value-added reseller (VAR)","In-house development","B","The choice fits the organization’s requirements and the cost and integration trade-offs described."
"Information Systems 622","Topic 1: Development Strategies","A business contracts for Internet connectivity and backbone-related services rather than building that network capability. Which provider type is referenced in the guide?","Application Service Provider (ASP)","Database management system (DBMS)","Internet Backbone Service (IBS)","Value-added reseller (VAR)","C","The choice fits the organization’s requirements and the cost and integration trade-offs described."
"Information Systems 622","Topic 1: Development Strategies","Which is the central distinction the guide makes between web-based and traditional development?","Web-based systems use the web only as an optional message channel","Traditional systems always run in public cloud environments","Traditional systems cannot use networks","In web-based systems the web is part of the application platform","D","The choice fits the organization’s requirements and the cost and integration trade-offs described."
"Information Systems 622","Topic 1: Development Strategies","A firm runs a system only on its internal network with Internet features added as a convenience. Which description fits best?","A web-first platform","A SaaS-only system","Traditional development with supplementary web components","A data mart","C","The choice fits the organization’s requirements and the cost and integration trade-offs described."
"Information Systems 622","Topic 1: Development Strategies","A firm has a difficult-to-replace legacy application and no user need for web features. What does the guide suggest?","Web design is mandatory regardless of requirements","Every legacy system must immediately be replaced with MERN","Moving to a web system eliminates compatibility analysis","Continuing with a traditional system may still be appropriate","D","The choice fits the organization’s requirements and the cost and integration trade-offs described."
"Information Systems 622","Topic 1: Development Strategies","A design team is assessing whether a traditional application can support many more locations. Which traditional-system limitation deserves attention?","It always has no security concerns","Scalability may be limited by network constraints","It is automatically enterprise-wide","It cannot use any desktop computing power","B","The choice fits the organization’s requirements and the cost and integration trade-offs described."
"Information Systems 622","Topic 1: Development Strategies","Which answer option is the server setup most consistent with a MERN application?","SELECT * FROM Customers","using System
class Program { static void Main() {} }","print(""Hello world!"")","const express = require('express');
const app = express();","D","The choice fits the organization’s requirements and the cost and integration trade-offs described."
"Information Systems 622","Topic 1: Development Strategies","A developer uses C# for a web application and expects the platform also to support mobile and desktop applications. Which environment is described?","MERN","ASP","ASCII",".NET","D",".NET supports applications across web mobile and desktop environments."
"Information Systems 622","Topic 1: Development Strategies","A site has continuously available features where users collaborate edit content and share information. Which trend does this exemplify?","Traditional batch processing","Physical storage","Web 2.0","A sequence code","C","Web 2.0 emphasizes interactive collaboration and information sharing."
"Information Systems 622","Topic 1: Development Strategies","A student edits a shared wiki page and reads comments from other users. Which Web 2.0 characteristic is most visible?","Collaboration and interactive information sharing","A static page with one-way publishing","A control break","Local-only processing","A","The choice fits the organization’s requirements and the cost and integration trade-offs described."
"Information Systems 622","Topic 1: Development Strategies","A team can rapidly provision network storage and application resources on demand with little provider interaction. What model is this?","Cloud computing","A vertical application","A control-break report","A local source document","A","Cloud computing provides on-demand network access to shared configurable resources."
"Information Systems 622","Topic 1: Development Strategies","Why does the study guide say analysts should monitor Web 2.0 cloud and mobile trends?","They guarantee every project should be outsourced","They apply only to printed reports","They can affect planning for large-scale systems","They remove the need to understand business requirements","C","The choice fits the organization’s requirements and the cost and integration trade-offs described."
"Information Systems 622","Topic 1: Development Strategies","A firm buys a package but must tailor several workflows and train staff. Which statement about cost is safest?","Lower initial price does not guarantee lower TCO","A package eliminates integration work","Purchase price is the entire TCO","Training and customization are never costs","A","The choice fits the organization’s requirements and the cost and integration trade-offs described."
"Information Systems 622","Topic 1: Development Strategies","A department builds small user applications on top of commercial office software to improve efficiency. How does the chapter characterize this?","A form of physical data storage","An additional productivity option alongside building or buying systems","A mandatory part of a vertical application","A type of cipher code","B","The choice fits the organization’s requirements and the cost and integration trade-offs described."
"Information Systems 622","Topic 1: Development Strategies","Which situation most strongly favors buying instead of building?","No package can integrate with existing systems","Keeping internal expertise is the overriding requirement","The package meets requirements and speed and lower initial cost matter","Unique requirements cannot be met by available products","C","The choice fits the organization’s requirements and the cost and integration trade-offs described."
"Information Systems 622","Topic 1: Development Strategies","A manager assumes outsourcing will always reduce long-term ownership cost. Which correction aligns with the guide?","Long-term costs are unrelated to acquisition choice","Outsourcing may be attractive short term but not necessarily cheaper over time","Outsourcing always makes TCO zero","Only in-house systems have ongoing costs","B","The choice fits the organization’s requirements and the cost and integration trade-offs described."
"Information Systems 622","Topic 1: Development Strategies","A service vendor handles installation configuration and maintenance of web-based software for agreed fees. What model does this most closely illustrate?","Software as a service (SaaS)","A sequence code","A local area network only","A cipher code","A","The choice fits the organization’s requirements and the cost and integration trade-offs described."
"Information Systems 622","Topic 1: Development Strategies","A system analyst must select traditional or web-based development. Which set of considerations is most appropriate?","User needs legacy compatibility scalability security and operating environment","Only which programming language is newest","Only the vendor’s name","Only the visual color scheme","A","The choice fits the organization’s requirements and the cost and integration trade-offs described."
"Information Systems 622","Topic 1: Development Strategies","What is a likely web-based advantage described in the guide?","It cannot serve enterprise-wide functions","It must operate only inside one company LAN","It always requires powerful desktop computers at every workstation","It can scale across different hardware environments","D","The choice fits the organization’s requirements and the cost and integration trade-offs described."
"Information Systems 622","Topic 1: Development Strategies","Why may web-based software rely less on desktop computing resources?","It stores every screen on paper","It uses only printed reports","It is treated as a service delivered through a web-based environment","It replaces all servers with user keyboards","C","The choice fits the organization’s requirements and the cost and integration trade-offs described."
"Information Systems 622","Topic 1: Development Strategies","Choose the best interpretation of this code comment: `// browser is the platform app features run through the web`","The design treats the web as central to the application","The design describes a primary key","The design treats the web as an incidental communication channel","The design describes a batch total check","A","The choice fits the organization’s requirements and the cost and integration trade-offs described."
"Information Systems 622","Topic 1: Development Strategies","A company uses a purchased system that supports many sectors with only configuration changes. Which package category likely applies?","Vertical application","Action code","Horizontal application","Associative entity","C","A horizontal package supports common business functions across different industries."
"Information Systems 622","Topic 1: Development Strategies","A firm hires a consultant to build a custom system. Which acquisition path from the traditional options is this?","Using external consultants and resources","Using a data warehouse","Using an input mask","Using only a horizontal package","A","The choice fits the organization’s requirements and the cost and integration trade-offs described."
"Information Systems 622","Topic 1: Development Strategies","A vendor releases upgrades based on feedback from customers already using its package. Which purchasing benefit is illustrated?","The company controls the vendor source code","The system must be converted to a vertical application","The product can evolve using user input","The system has no future change costs","C","The choice fits the organization’s requirements and the cost and integration trade-offs described."
"Information Systems 622","Topic 1: Development Strategies","A design team is weighing a web system against an internal-network system. Why may security analysis be especially important for the web option?","Traditional private networks have no security needs","Web systems cannot authenticate users","Internet exposure can create a broader security environment to consider","Only printed reports can expose data","C","The choice fits the organization’s requirements and the cost and integration trade-offs described."
"Information Systems 622","Topic 1: Development Strategies","What best describes cloud computing in the guide’s NIST-based definition?","On-demand network access to a shared pool of configurable resources","A rule that sorts report rows","A physical filing cabinet with paper records","A single fixed workstation with no network access","A","The choice fits the organization’s requirements and the cost and integration trade-offs described."
"Information Systems 622","Topic 1: Development Strategies","An existing business has unique processes a strong internal IT team and a package that would disrupt operations. Which choice is most defensible?","Avoid documenting requirements","Use a data mart instead of an operational system","Buy the package solely because packages are always cheaper","Build in-house after evaluating feasibility and TCO","D","The choice fits the organization’s requirements and the cost and integration trade-offs described."
"Information Systems 622","Topic 2: User Interface Design","What does a user interface include?","Only the physical keyboard","Only the printed report footer","The screens menus functions hardware software outputs and features used in user-system interaction","Only the database tables","C","This applies the interface or validation principle that matches the user need described."
"Information Systems 622","Topic 2: User Interface Design","A clinician can complete tasks without noticing the interface itself. Which design goal does this best reflect?","A seamless transparent interface","A highly visible interface that interrupts work","A control-break report","An unnormalized data design","A","This applies the interface or validation principle that matches the user need described."
"Information Systems 622","Topic 2: User Interface Design","What does human-computer interaction (HCI) describe?","How people and computers communicate while performing tasks","How vendors price software licences","How tables are physically stored on disk","How an order number is sequenced","A","This applies the interface or validation principle that matches the user need described."
"Information Systems 622","Topic 2: User Interface Design","Why has interface design shifted toward a user-centered focus?","Users interact with inputs outputs and queries as part of their daily work","Printed output is the only interaction channel","Only IT departments use system output","Users no longer need information systems","A","This applies the interface or validation principle that matches the user need described."
"Information Systems 622","Topic 2: User Interface Design","A team designs a screen without learning the staff’s work or business goals. Which UI guideline did it neglect?","Expand the primary key","Use a cipher code","Understand the business and user requirements","Create a data mart","C","This applies the interface or validation principle that matches the user need described."
"Information Systems 622","Topic 2: User Interface Design","Before coding a complex interface designers create a clickable mock-up and ask users to try it. What practice is this?","Batch control","Physical storage","Using models and prototypes","Block sequence coding","C","This applies the interface or validation principle that matches the user need described."
"Information Systems 622","Topic 2: User Interface Design","Why should designers invite user feedback during interface development?","It reveals how well the design supports actual user tasks","It removes the need to document the system","It guarantees no later changes","It eliminates the need for any validation rules","A","This applies the interface or validation principle that matches the user need described."
"Information Systems 622","Topic 2: User Interface Design","An application uses icons that look attractive but confuse users. Which guideline should direct improvement?","Use a different color for each field regardless of meaning","Hide all feedback","Maximize the number of icons","Think like a user and focus on usability","D","This applies the interface or validation principle that matches the user need described."
"Information Systems 622","Topic 2: User Interface Design","A user must enter data from a paper form. Which screen design helps reduce translation mistakes?","Automatically move focus before the user finishes typing","Randomize field positions on each visit","Put all fields in one unlabeled text area","Arrange the fields to resemble the source document","D","This applies the interface or validation principle that matches the user need described."
"Information Systems 622","Topic 2: User Interface Design","A data-entry form moves the cursor to the next field after a fixed delay while the user is still typing. What guideline is being violated?","Require an explicit keystroke to end a field entry","Make the interface responsive","Use page footers","Use a control break","A","This applies the interface or validation principle that matches the user need described."
"Information Systems 622","Topic 2: User Interface Design","An order form asks for an employee ID and should never be saved blank. Which validation check directly enforces that requirement?","Reasonableness check","Batch control","Sequence check","Existence check","D","An existence check prevents required fields from being left blank."
"Information Systems 622","Topic 2: User Interface Design","A payroll field should accept numeric hours but rejects the text `eight`. Which validation rule is applied?","Control break","Combination check","Validity check","Data type check","D","A data type check ensures an entry matches the field’s required type."
"Information Systems 622","Topic 2: User Interface Design","A system accepts hours only from 0 through 24. What check is this?","Batch control","Existence check","Range check","Sequence check","C","A range check enforces minimum and maximum acceptable values."
"Information Systems 622","Topic 2: User Interface Design","A payment of $0.03 falls within an allowed numeric range but is likely a typo. Which check can flag it?","Reasonableness check","Existence check","Sequence check","Data type check","A","A reasonableness check flags values that are technically valid but implausible."
"Information Systems 622","Topic 2: User Interface Design","Which SQL definition enforces that every order customer must exist in Customers?","ORDER BY CustomerID","CHECK (CustomerID > 0)","FOREIGN KEY (CustomerID) REFERENCES Customers(CustomerID)","DEFAULT CustomerID = 0","C","This applies the interface or validation principle that matches the user need described."
"Information Systems 622","Topic 2: User Interface Design","A discount is allowed only when quantity is at least 100. Each field is individually valid but the order has quantity 20 and the discount. Which check catches this?","Existence check","Sequence check","Combination check","Data type check","C","A combination check tests whether multiple fields make sense together."
"Information Systems 622","Topic 2: User Interface Design","Before and after importing a batch the system compares record count and total quantities. What is this control called?","Batch control","Input mask","Existence check","Reasonableness check","A","Batch controls compare totals before and after input to spot discrepancies."
"Information Systems 622","Topic 2: User Interface Design","A user enters order numbers out of the required numeric order and the system flags the gap. Which validation is suitable?","Sequence check","Range check","Existence check","Validity check","A","A sequence check verifies that entries follow the required order."
"Information Systems 622","Topic 2: User Interface Design","An input mask requires a date in `DD/MM/YYYY` form. What is its primary purpose?","Counting records in a batch","Ensuring a referenced customer exists","Determining whether a date is plausible for the business","Restricting input to a consistent format","D","This applies the interface or validation principle that matches the user need described."
"Information Systems 622","Topic 2: User Interface Design","A user is allowed to leave a form without saving an incomplete record. Which interface feature supports this?","A hidden browser history","A clearly available Cancel option","A compulsory default save","An automatic deletion","B","This applies the interface or validation principle that matches the user need described."
"Information Systems 622","Topic 2: User Interface Design","A delete button is next to a save button. Which design choice best reduces accidental data loss?","Delete immediately with no message","Make the default response “Yes”","Ask for confirmation and make the safer response the default","Hide the record identifier","C","This applies the interface or validation principle that matches the user need described."
"Information Systems 622","Topic 2: User Interface Design","A form has a field labeled `Value` but users cannot tell whether it expects a date currency or code. What should the designer improve?","Require a printed report","Convert the field into a primary key","Use descriptive field captions and show format or size requirements","Remove captions to save space","C","This applies the interface or validation principle that matches the user need described."
"Information Systems 622","Topic 2: User Interface Design","Which approach can improve efficiency when a field usually has the same value but sometimes differs?","Make the field invisible","Force users to type leading zeros every time","Provide a sensible editable default value","Reject all values except the default","C","This applies the interface or validation principle that matches the user need described."
"Information Systems 622","Topic 2: User Interface Design","A numeric project number is stored as `045`. What input practice does the guide recommend for numeric fields?","Require three digits for every number","Do not require users to type leading zeros","Replace the number with an alphabetic code","Allow arbitrary letters in the field","B","This applies the interface or validation principle that matches the user need described."
"Information Systems 622","Topic 2: User Interface Design","A user enters 98 in a currency field and the system displays 98.00. What data-entry principle does this illustrate?","Use an existence check","Do not require users to type trailing zeros for decimals","Create a control break","Use a report header","B","This applies the interface or validation principle that matches the user need described."
"Information Systems 622","Topic 2: User Interface Design","A staff member can use Tab in normal order or click directly into another field. Which principle is supported?","Physical data storage","Batch control","Restrict all movement to a fixed cursor path","Flexible navigation between fields","D","This applies the interface or validation principle that matches the user need described."
"Information Systems 622","Topic 2: User Interface Design","Which option best describes a responsive web design?","A report prints a subtotal when a field changes","A user must enter every value twice","A database enforces a foreign key","The interface adapts its layout to different screen sizes and devices","D","This applies the interface or validation principle that matches the user need described."
"Information Systems 622","Topic 2: User Interface Design","A report should show only overdue accounts for a credit manager. Which report type is the best fit?","General-purpose dump","Detail report","Source document","Exception report","D","An exception report shows only records that meet a condition requiring attention."
"Information Systems 622","Topic 2: User Interface Design","A manager wants one output line for every transaction even if the report is long. Which report type fits?","Input mask","Detail report","Control-break report only","Exception report","B","A detail report provides output for each record processed."
"Information Systems 622","Topic 2: User Interface Design","A sales report sorts rows by store number and prints a subtotal whenever the store changes. What report structure is this?","Detail-only report","Responsive interface","Control-break report","Exception report","C","A control-break report uses sorted group changes to trigger subtotals."
"Information Systems 622","Topic 2: User Interface Design","For a control-break report why must records be sorted by the control field?","Sorting encrypts the records","The field change triggers the group subtotal or other break action","It prevents users from filtering the report","The sort creates a foreign key","B","This applies the interface or validation principle that matches the user need described."
"Information Systems 622","Topic 2: User Interface Design","Which content belongs in a report header?","The value of every primary key in the system","A hidden input mask","The report title date and relevant identification details","Only a database password","C","This applies the interface or validation principle that matches the user need described."
"Information Systems 622","Topic 2: User Interface Design","A printed report spans many pages. What is appropriate for a page footer?","The source document’s entire layout","Page number and possibly the report title","The user’s unsaved form values","A password in clear text","B","This applies the interface or validation principle that matches the user need described."
"Information Systems 622","Topic 2: User Interface Design","A designer is deciding whether to repeat the store number on every row in a report. What is the best approach?","Never show control fields","Make the choice based only on the database key","Ask users whether repeating the field helps them","Always repeat every field on every line","C","This applies the interface or validation principle that matches the user need described."
"Information Systems 622","Topic 2: User Interface Design","Why keep report layouts and abbreviations consistent across reports?","Users can interpret and compare outputs more easily","It makes report security unnecessary","It guarantees more pages are printed","It eliminates the need for column headings","A","This applies the interface or validation principle that matches the user need described."
"Information Systems 622","Topic 2: User Interface Design","An interface forces users through a decorative animation after each transaction slowing routine work. Which guideline should prompt reconsideration?","Use a data warehouse","Use more visual effects regardless of task","Apply a significant digit code","Enhance user productivity","D","This applies the interface or validation principle that matches the user need described."
"Information Systems 622","Topic 2: User Interface Design","Which HTML field declaration requires a value before a form can be submitted?","<input name=""email"" type=""email"" required>","<input name=""email"" type=""email"" readonly>","<input name=""email"" type=""email"">","<input name=""email"" type=""email"" disabled>","A","This applies the interface or validation principle that matches the user need described."
"Information Systems 622","Topic 2: User Interface Design","In UI design why are prototypes useful before full implementation?","They guarantee the final interface cannot change","They let users and designers evaluate interaction choices early","They replace all testing and documentation","They automatically normalize the database","B","This applies the interface or validation principle that matches the user need described."
"Information Systems 622","Topic 2: User Interface Design","A mobile page uses tiny fixed-width controls that overflow on a tablet. Which emerging design idea addresses the problem?","Cipher coding","Data mining","Responsive web design","Physical storage","C","This applies the interface or validation principle that matches the user need described."
"Information Systems 622","Topic 2: User Interface Design","A screen exposes sensitive values to anyone looking over a user’s shoulder. Which concern applies most directly?","Code sorting order","Batch record totals","Horizontal versus vertical software","Input/output security and control","D","This applies the interface or validation principle that matches the user need described."
"Information Systems 622","Topic 3: Data Design","A database stores a customer’s name email and phone number as separate attributes. What is each attribute represented by?","A control break","A report footer","A field","A data mart","C","This follows the data-structure or integrity rule that matches the relationship described."
"Information Systems 622","Topic 3: Data Design","A group of related field values describing one customer is what?","A logical record","A schema version","A code block","A report header","A","This follows the data-structure or integrity rule that matches the relationship described."
"Information Systems 622","Topic 3: Data Design","Which distinction between logical and physical storage is correct?","Physical storage is limited to printed output","Logical storage is how users view data physical storage is how hardware records it on media","They both mean the same physical address","Logical storage is disk hardware physical storage is a user query","B","This follows the data-structure or integrity rule that matches the relationship described."
"Information Systems 622","Topic 3: Data Design","A DBMS lets an analyst define tables relationships and constraints. What describes this overall database structure?","Data mart","Subschema","Schema","Input mask","C","This follows the data-structure or integrity rule that matches the relationship described."
"Information Systems 622","Topic 3: Data Design","A clerk can view only a subset of the database through a tailored interface. Which DBMS component concept fits?","Physical repository","Data warehouse","Subschema","Primary key","C","This follows the data-structure or integrity rule that matches the relationship described."
"Information Systems 622","Topic 3: Data Design","Which feature is a standard responsibility of a DBMS?","Replace all user input validation","Choose the company’s business strategy","Design the organization’s paper forms","Manage stored data and provide controlled access to it","D","This follows the data-structure or integrity rule that matches the relationship described."
"Information Systems 622","Topic 3: Data Design","An order refers to a customer ID that has no matching customer record. Which integrity rule is violated?","Sequence coding","Report consistency","First normal form","Referential integrity","D","Referential integrity ensures references point to existing related records."
"Information Systems 622","Topic 3: Data Design","A PRODUCT row has product number `P4` an ORDER LINE row contains `P9` which is missing from PRODUCT. What should the database do?","Reject or prevent the invalid reference under referential integrity rules","Change the order line into a report","Automatically create a plausible PRODUCT row","Allow it because keys are optional","A","Referential integrity ensures references point to existing related records."
"Information Systems 622","Topic 3: Data Design","In an ERD a student can enroll in many courses and each course can have many students. What relationship exists?","Many-to-many (M:N)","One-to-many (1:M)","One-to-one (1:1)","Zero-to-zero","A","This follows the data-structure or integrity rule that matches the relationship described."
"Information Systems 622","Topic 3: Data Design","Why is an associative entity often introduced to resolve an M:N relationship?","It records each occurrence of the relationship and can hold its own attributes","It stores the entire database physically","It removes all primary keys","It turns the relationship into a printed report","A","This follows the data-structure or integrity rule that matches the relationship described."
"Information Systems 622","Topic 3: Data Design","An order may contain several order lines while each order line belongs to one order. What cardinality is this?","Many-to-many (M:N)","Many-to-zero","One-to-one (1:1)","One-to-many (1:M)","D","This follows the data-structure or integrity rule that matches the relationship described."
"Information Systems 622","Topic 3: Data Design","In a one-to-one relationship which description is most accurate?","Every relationship requires an associative entity","One instance must connect to many of the other entity","Neither entity can have a key","Each instance of one entity is associated with at most one instance of the other","D","This follows the data-structure or integrity rule that matches the relationship described."
"Information Systems 622","Topic 3: Data Design","What is the purpose of cardinality in an ERD?","To identify the report footer","To describe how many instances of one entity can relate to another","To show how many bytes a field uses","To encode a password","B","This follows the data-structure or integrity rule that matches the relationship described."
"Information Systems 622","Topic 3: Data Design","A table contains columns `Phone1` `Phone2` `Phone3` for one customer. Which design problem does this suggest?","A repeating group that violates 1NF","A cipher code","A missing page header","A transitive dependency only","A","First normal form removes repeating groups and records one occurrence per row."
"Information Systems 622","Topic 3: Data Design","A customer may have multiple phone numbers. What is the best first step toward a 1NF design?","Move the table to physical storage","Represent each phone occurrence as a separate record or related row rather than repeating columns","Add more fixed phone columns indefinitely","Store all numbers in the primary-key field","B","This follows the data-structure or integrity rule that matches the relationship described."
"Information Systems 622","Topic 3: Data Design","A line-item table has composite key `(OrderID ProductID)`. Which key uniquely identifies a particular product within a particular order?","Description alone","ProductID alone","`(OrderID ProductID)` together","OrderID alone","C","This follows the data-structure or integrity rule that matches the relationship described."
"Information Systems 622","Topic 3: Data Design","For a composite primary key `(OrderID ProductID)` `OrderDate` depends only on OrderID. What normal form issue does that reveal?","A transitive dependency so it cannot be 1NF","A repeating group so it is not in 1NF","Partial dependence so the design is not in 2NF","No problem it is necessarily in 3NF","C","Second normal form removes partial dependencies on only part of a composite key."
"Information Systems 622","Topic 3: Data Design","A 1NF table has a single-field primary key. Why is the partial-dependence problem absent?","1NF automatically removes every transitive dependency","A table with one key has no nonkey fields","A single field is always a foreign key","The entire key is a single field so a nonkey field cannot depend on only part of it","D","Third normal form removes dependencies between nonkey fields."
"Information Systems 622","Topic 3: Data Design","A PRODUCT table uses `ProductID` as its primary key `ProductName` depends on `ProductID`. Which 2NF condition is met?","The data is necessarily in 3NF","The nonkey field depends on the entire (single-field) key","The product name is a repeating group","There are no fields in the table","B","Third normal form removes dependencies between nonkey fields."
"Information Systems 622","Topic 3: Data Design","A row contains `StudentID` `CourseID` and `Grade` where Grade depends on both StudentID and CourseID. Which table is a natural fit?","An enrollment/registration relation keyed by StudentID and CourseID","A report header","A student table keyed only by Grade","A course table keyed only by StudentID","A","This follows the data-structure or integrity rule that matches the relationship described."
"Information Systems 622","Topic 3: Data Design","A product description is duplicated in hundreds of order rows changing it means updating every row. Which data-design issue is illustrated?","A range check","A control break","A responsive layout","An update anomaly caused by redundancy","D","This follows the data-structure or integrity rule that matches the relationship described."
"Information Systems 622","Topic 3: Data Design","A design allows product descriptions for the same product ID to disagree across orders. What risk is this?","An existence failure","A sequence gap","A report footer error","Inconsistent data caused by redundancy","D","This follows the data-structure or integrity rule that matches the relationship described."
"Information Systems 622","Topic 3: Data Design","A new product cannot be recorded until someone places an order because the only table key requires an order ID. What anomaly is this?","A reasonableness check","A batch total","An insertion anomaly","A page break","C","This follows the data-structure or integrity rule that matches the relationship described."
"Information Systems 622","Topic 3: Data Design","If deleting the last order for a supplier also removes all stored supplier details what anomaly occurred?","A sequence-code error","A control-break error","An input-mask error","A deletion anomaly","D","This follows the data-structure or integrity rule that matches the relationship described."
"Information Systems 622","Topic 3: Data Design","A table meets 2NF but `SupplierName` depends on `SupplierID` a nonkey field rather than directly on `ProductID`. What must be done to reach 3NF?","Make SupplierName the only primary key","Add repeating supplier-name columns","Separate supplier facts so nonkey fields depend on the key and nothing but the key","Convert every field to a numeric type","C","Third normal form removes dependencies between nonkey fields."
"Information Systems 622","Topic 3: Data Design","Which rule of thumb best captures 3NF?","Every field must contain several values","Every table must store data in alphabetical order","Every table must have a two-column key","Every nonkey field depends on the key the whole key and nothing but the key","D","Third normal form removes dependencies between nonkey fields."
"Information Systems 622","Topic 3: Data Design","In this schema, the primary key is underlined: `ORDER LINE (__OrderID__, __ProductID__, Quantity, OrderDate, ProductName)`. Why might this fail 2NF?","It has no repeating group","OrderDate may depend only on OrderID and ProductName only on ProductID","Quantity depends on the entire composite key","It uses an associative entity","B","This follows the data-structure or integrity rule that matches the relationship described."
"Information Systems 622","Topic 3: Data Design","A table is written as `ORDER(OrderID, Date, (ProductID, Qty))`. What do the inner parentheses indicate?","A repeating group in an unnormalized design","The table is already in 3NF","The fields are physically stored in order","The primary key is encrypted","A","This follows the data-structure or integrity rule that matches the relationship described."
"Information Systems 622","Topic 3: Data Design","When converting a repeating order-item group to 1NF why include ProductID with OrderID in the key?","ProductID alone identifies every order record","Descriptions always uniquely identify products","Each order can contain multiple products and each product can appear on multiple orders","OrderID alone identifies every line item","C","This follows the data-structure or integrity rule that matches the relationship described."
"Information Systems 622","Topic 3: Data Design","A warehouse code `11205327` means warehouse 11 floor 0 section 53 aisle 2 bin 7. What type of code is this?","Significant digit code","Cipher code","Action code","Sequence code","A","A significant-digit code assigns meaning to parts of the code."
"Information Systems 622","Topic 3: Data Design","An employee receives the next number in a series the number indicates hiring order but not the hire date. What code type is used?","Sequence code","Significant digit code","Derivation code","Mnemonic code","A","A sequence code shows assignment order without encoding other attributes."
"Information Systems 622","Topic 3: Data Design","A college assigns course numbers in blocks where 100-level indicates one classification and 200-level another. What is this?","Abbreviation code","Action code","Cipher code","Block sequence code","D","A sequence code shows assignment order without encoding other attributes."
"Information Systems 622","Topic 3: Data Design","A code `GN` means gardening and `HW` means hardware. Which code type best describes these memorable category labels?","Sequence codes","Significant digit codes","Cipher codes","Alphabetic category (mnemonic) codes","D","This follows the data-structure or integrity rule that matches the relationship described."
"Information Systems 622","Topic 3: Data Design","A store uses a secret keyword to map letters to digits so wholesale prices are encoded. Which code type is it?","Cipher code","Action code","Sequence code","Block sequence code","A","This follows the data-structure or integrity rule that matches the relationship described."
"Information Systems 622","Topic 3: Data Design","A code combines postal code selected surname letters and house-number digits. What is this coding method?","Category code","Action code","Derivation code","Sequence code","C","This follows the data-structure or integrity rule that matches the relationship described."
"Information Systems 622","Topic 3: Data Design","A student system uses `D` to display `A` to add and `X` to exit. What code type is this?","Significant digit code","Cipher code","Block sequence code","Action code","D","This follows the data-structure or integrity rule that matches the relationship described."
"Information Systems 622","Topic 3: Data Design","A code designer uses `O` and `0` in visually similar positions causing transcription mistakes. Which guideline was missed?","Avoid characters that can be confused","Use a code for multiple purposes","Maximize the code length","Keep code structures inconsistent","A","This follows the data-structure or integrity rule that matches the relationship described."
"Information Systems 622","Topic 3: Data Design","A company packs department and insurance plan into one code even though the attributes are unrelated. Which design advice applies?","Combine more unrelated meanings into each code","Remove all user feedback","Use random formatting across systems","Use a separate code for each purpose","D","This follows the data-structure or integrity rule that matches the relationship described."
"Information Systems 622","Topic 3: Data Design","A date is stored as `20260926`. Why can YYYYMMDD be convenient for sorting?","It makes every date a primary key","The digits directly encode the number of days since 1900","Chronological order aligns with numeric/string order in that fixed-width format","It avoids storing a year","C","This follows the data-structure or integrity rule that matches the relationship described."
"Information Systems 622","Topic 3: Data Design","Why did two-digit year storage create a Y2K problem?","It prevented chronological sorting of any data","The century could be ambiguous when only the last two year digits were stored","The date could not include a month","It forced every date to be an absolute date","B","This follows the data-structure or integrity rule that matches the relationship described."
"Information Systems 622","Topic 3: Data Design","A program needs to calculate the number of days between two dates represented as day counts from a base date. What representation is this?","A subschema","Absolute dates","A logical record","A derivation code","B","An absolute date represents the number of days from a defined base date."
"Information Systems 622","Topic 3: Data Design","A business wants to combine sales payroll and inventory data for cross-system management analysis. Which repository is suitable?","An input mask","A physical form","An enterprise data warehouse","A detail report","C","A data warehouse integrates data from sources for enterprise analysis."
"Information Systems 622","Topic 3: Data Design","The marketing department needs a smaller analytics collection tailored to its own work. Which option fits?","A full enterprise schema only","A data mart","A logical record","A sequence code","B","A data mart focuses on the information needs of a particular department."
"Information Systems 622","Topic 3: Data Design","A retailer analyzes products frequently purchased together to inform store layout. Which data-mining technique is relevant?","A control break","Market basket analysis using association rules","A range check","A cipher code","B","This follows the data-structure or integrity rule that matches the relationship described."
"Information Systems 622","Topic 3: Data Design","Analysts want to discover hidden patterns in large customer datasets. What is data mining designed to do?","Define cursor movement on a data-entry form","Replace database security controls","Identify meaningful patterns and relationships in data","Store every file in a single physical location","C","This follows the data-structure or integrity rule that matches the relationship described."
"Information Systems 622","Topic 3: Data Design","A DBMS includes passwords encryption audit trails and backup/recovery. What is their shared purpose?","Turn physical storage into logical storage","Protect data integrity access and recoverability","Make every query public","Eliminate the need for database design","B","This follows the data-structure or integrity rule that matches the relationship described."
"Information Systems 622","Topic 3: Data Design","A designer is storing names in a system used in many languages. Which encoding choice is most suitable from the guide?","A two-digit year field","Unicode because it supports a broad range of multilingual characters","ASCII only because it covers every language","A control-break code","B","Unicode supports a broad range of characters for multilingual systems."
"Programming 622","Topic 1: Software Engineering Principles and C++ Classes","Which sequence best describes the software life cycle?","Testing followed by design and requirements","Coding followed by testing and immediate deletion","Conception through development and use to retirement","Purchase followed by installation only","C","The life cycle spans the software from its conception until it is retired."
"Programming 622","Topic 1: Software Engineering Principles and C++ Classes","A software team has finished building a system but has not deployed it. Which life-cycle stage is next?","Discard before testing","Retirement before any use","Use or operation after development","Conception after deployment","C","Development precedes the period in which the software is used."
"Programming 622","Topic 1: Software Engineering Principles and C++ Classes","A tester checks a function by giving inputs and comparing outputs without inspecting its internal code. What is this?","Code coverage analysis","Regression modeling","White-box testing","Black-box testing","D","Black-box testing evaluates externally visible behavior."
"Programming 622","Topic 1: Software Engineering Principles and C++ Classes","A tester follows branches and statements inside a function to find untested paths. What approach is being used?","Data normalization","White-box testing","User acceptance testing only","Black-box testing","B","White-box testing examines the program’s internal logic."
"Programming 622","Topic 1: Software Engineering Principles and C++ Classes","For `double sqrt(double x);` what is a sensible precondition?","The result is always an integer","The caller must pass a string","The function changes x to zero","The argument x is nonnegative","D","A real square root is defined for nonnegative real inputs."
"Programming 622","Topic 1: Software Engineering Principles and C++ Classes","For `double sqrt(double x);` what is an appropriate postcondition when x is nonnegative?","The input variable x is deleted","The function returns a negative value","The returned value squared equals x within numeric precision","The caller receives a pointer to x","C","The square root result should square back to the input."
"Programming 622","Topic 1: Software Engineering Principles and C++ Classes","What is the order of `n^2 + 6n + 4`?","O(n)","O(n^3)","O(log n)","O(n^2)","D","The highest-order term dominates as n grows."
"Programming 622","Topic 1: Software Engineering Principles and C++ Classes","What is the order of `5n^3 + 2n + 8`?","O(n^2)","O(n^3)","O(1)","O(n log n)","B","The cubic term dominates the lower-order terms."
"Programming 622","Topic 1: Software Engineering Principles and C++ Classes","What is the order of `(n^2 + 1)(3n + 5)`?","O(n log n)","O(n)","O(n^2)","O(n^3)","D","Multiplying the leading terms gives a cubic growth term."
"Programming 622","Topic 1: Software Engineering Principles and C++ Classes","What is the order of `5(6n + 4)`?","O(1)","O(n^2)","O(n)","O(log n)","C","Constant factors do not change the linear order."
"Programming 622","Topic 1: Software Engineering Principles and C++ Classes","Which term dominates `n + 2 log2(n) - 6` for large n?","n so the order is O(n)","log2(n) so the order is O(log n)","The expression is O(n^2)","The constant so the order is O(1)","A","Linear growth eventually exceeds logarithmic and constant terms."
"Programming 622","Topic 1: Software Engineering Principles and C++ Classes","A loop runs n times and performs one constant-time body operation each time. What is its order?","O(n^2)","O(n)","O(1)","O(log n)","B","The operation count grows in direct proportion to n."
"Programming 622","Topic 1: Software Engineering Principles and C++ Classes","A loop over n items contains a nested loop that also runs n times. What is the usual order?","O(1)","O(n)","O(log n)","O(n^2)","D","The n iterations of the outer loop each trigger n inner iterations."
"Programming 622","Topic 1: Software Engineering Principles and C++ Classes","A process tests each pair of values from two arrays of length n. Which order best fits?","O(log n)","O(n^2)","O(n)","O(1)","B","There are n choices for each of two nested dimensions."
"Programming 622","Topic 1: Software Engineering Principles and C++ Classes","How should an algorithm that prints the sum of squares from 1 through n be classified if it uses one loop?","O(log n)","O(1)","O(n)","O(n^2)","C","A single pass performs a constant amount of work per integer."
"Programming 622","Topic 1: Software Engineering Principles and C++ Classes","A boundary test plan is being made for a function valid on 0 through 50. Which inputs are most useful?","-50 -25 25 only","10 20 30 only","100 200 300 only","-1 0 1 49 50 51","D","Boundary tests exercise values just outside and at each edge."
"Programming 622","Topic 1: Software Engineering Principles and C++ Classes","Why does a set of tests at 0 and 50 matter for a function accepting 0 through 50?","They test only performance on large arrays","They prove the source code has no branches","They test the inclusive endpoints of the valid range","They check the class destructor","C","Boundary values are where off-by-one errors often appear."
"Programming 622","Topic 1: Software Engineering Principles and C++ Classes","What is a class in object-oriented C++?","A loop that repeats a statement","A single variable that stores only an integer","A library algorithm for sorting","A programmer-defined type that groups data and operations","D","A class defines a type with data members and member functions."
"Programming 622","Topic 1: Software Engineering Principles and C++ Classes","In a class definition what does an instance variable represent?","An input stream","Data stored as part of each object","A compiler warning","A function call shared by all programs","B","Instance variables hold the state of class objects."
"Programming 622","Topic 1: Software Engineering Principles and C++ Classes","What is an object created from a class?","A precondition","A base case","A namespace directive","An instance of the class type","D","An object is a concrete instance with its own member values."
"Programming 622","Topic 1: Software Engineering Principles and C++ Classes","A class stores a clock hour minute and second. Which design best follows abstraction?","Require callers to modify private fields directly","Make every member a separate unrelated function","Store all values in global variables","Expose operations such as setTime and printTime while hiding representation details","D","Abstraction exposes meaningful operations while controlling internal representation."
"Programming 622","Topic 1: Software Engineering Principles and C++ Classes","What is the role of a public member function?","It can only be called by the compiler","It automatically destroys the object","It provides an operation callers can use through the class interface","It is always a private data field","C","Public members form the accessible part of a class interface."
"Programming 622","Topic 1: Software Engineering Principles and C++ Classes","What is the role of a private data member?","It keeps representation details inaccessible to ordinary outside code","It makes a variable global","It lets any caller bypass the class interface","It creates another class automatically","A","Private access protects the object’s internal state."
"Programming 622","Topic 1: Software Engineering Principles and C++ Classes","Which statement about constructors is correct?","A class can provide multiple constructors with different parameter lists","A class can have only one constructor in all cases","Constructors must return `int`","A constructor is called only when an object is deleted","A","Constructor overloading lets objects be initialized in different ways."
"Programming 622","Topic 1: Software Engineering Principles and C++ Classes","Which declaration calls a default constructor for `clockType`?","`clockType = 4;`","`delete clock1;`","`clockType clock1;`","`clockType::printTime();`","C","Declaring an object without arguments invokes its default constructor."
"Programming 622","Topic 1: Software Engineering Principles and C++ Classes","Which declaration selects a constructor that accepts three integers?","`clockType clock1(10, 30, 0);`","`clockType *clock1 = 10;`","`clockType clock1;`","`clockType.printTime(10, 30, 0);`","A","Three arguments match a constructor overload with three parameters."
"Programming 622","Topic 1: Software Engineering Principles and C++ Classes","What does a destructor do?","Copies every function into the object","Performs cleanup when an object’s lifetime ends","Runs once for every public function call","Initializes an object with a return value","B","A destructor handles object cleanup at the end of its lifetime."
"Programming 622","Topic 1: Software Engineering Principles and C++ Classes","Which rule about destructors is correct in the guide’s C++ class model?","A destructor must return `bool`","A destructor is called before construction","A class has one destructor and it has no parameters","A class can overload many destructors by parameter type","C","C++ classes have a single parameterless destructor."
"Programming 622","Topic 1: Software Engineering Principles and C++ Classes","Which is a valid member function prototype for a function that changes an hour?","`hour void setHour();`","`void setHour(int hour);`","`int setHour;`","`setHour(void int);`","B","The return type and parameter type are both placed in standard C++ order."
"Programming 622","Topic 1: Software Engineering Principles and C++ Classes","Why would a print function often be declared `const`?","It promises not to modify the object’s state","It forces the function to return a constant string","It prevents the function from printing","It converts private members to public","A","A const member function signals that it does not change the object."
"Programming 622","Topic 1: Software Engineering Principles and C++ Classes","A class method needs access to an object’s private fields. Where should that logic usually live?","Inside a member function of that class","In a preprocessor comment","Inside a destructor only","In an unrelated caller that writes `object.privateField`","A","Member functions can access the private representation of their class."
"Programming 622","Topic 1: Software Engineering Principles and C++ Classes","A class has private fields `int u` and `double w`. Which initialization-list syntax is valid?","`int xClass() { u = 0; }`","`class xClass(u=0, w=0);`","`xClass() -> u = 0, w = 0;`","`xClass::xClass() : u(0), w(0.0) {}`","D","A constructor initializer list initializes members before the constructor body."
"Programming 622","Topic 1: Software Engineering Principles and C++ Classes","Given `class C { public: C(); C(int); private: int n; };` how many constructors are declared?","One","None","Two","Three","C","The class declares a default constructor and a one-parameter overload."
"Programming 622","Topic 1: Software Engineering Principles and C++ Classes","A function that returns `-999` for inputs outside its documented range should be tested with which category?","Valid boundary and invalid out-of-range inputs","No tests because it returns an integer","Only the midpoint of the valid range","Only strings","A","Testing should cover both valid boundaries and the documented invalid path."
"Programming 622","Topic 1: Software Engineering Principles and C++ Classes","Which design makes `secretType` safer to use?","Allow outside code to overwrite every field directly","Use no constructors and leave all data uninitialized","Keep fields private and provide setters getters and a print operation","Store height as an unrelated global","C","Encapsulation lets the class control access and initialization."
"Programming 622","Topic 1: Software Engineering Principles and C++ Classes","What does Big-O notation emphasize?","How an algorithm’s growth changes with input size","The number of classes in a program","The computer brand used during testing","The exact color of the output","A","Big-O describes asymptotic growth rather than machine-specific details."
"Programming 622","Topic 1: Software Engineering Principles and C++ Classes","A test uses representative inputs but never checks expected results. What essential testing element is missing?","A destructor","A private data member","A way to compare actual behavior against expected behavior","A second constructor","C","A test needs an expected result to determine whether behavior is correct."
"Programming 622","Topic 1: Software Engineering Principles and C++ Classes","A function `mystery(n)` calls `mystery(n-1)` until n is zero. What must be true for valid termination on positive n?","The recursive argument must increase forever","The function must allocate a class object each time","The call sequence must reach a base case at n equal to zero","The return type must be `void`","C","The decreasing argument eventually reaches the stopping condition."
"Programming 622","Topic 1: Software Engineering Principles and C++ Classes","Which review question is a white-box concern?","Have all decision branches in the implementation been exercised?","Does the package fit the organization?","Can a customer understand the screen labels?","Does the user see the documented output for a chosen input?","A","White-box testing inspects code structure such as branches."
"Programming 622","Topic 1: Software Engineering Principles and C++ Classes","Which review question is a black-box concern?","Does the destructor have a body?","Is each private member referenced?","Does every source line execute?","Does the function return the documented result for valid input?","D","Black-box testing checks externally observable behavior against requirements."
"Programming 622","Topic 2: Standard Template Library","Which three components are commonly described as the STL foundation?","Classes pointers and destructors","Nodes stacks and recursion","Containers iterators and algorithms","Arrays functions and compilers","C","The STL combines containers with iterator access and generic algorithms."
"Programming 622","Topic 2: Standard Template Library","What is the main difference between a container and an iterator?","A container stores elements while an iterator identifies a position for traversal","A container is a position while an iterator stores all values","An iterator is a class destructor","Both are output streams","A","Containers hold data and iterators navigate that data."
"Programming 622","Topic 2: Standard Template Library","Which declaration creates a vector for 50 decimal values?","`vector<double> values(50);`","`double vector values(50);`","`vector<50> double values;`","`vector<int> values = 50.0;`","A","The element type appears in angle brackets and the size initializes the vector."
"Programming 622","Topic 2: Standard Template Library","How can a character array be copied into a vector using STL algorithms?","`copy(vowels, vowels + 5, letters.begin());`","`copy(letters, vowels.begin(), vowels.end());`","`letters.copy(vowels);`","`copy(vowels.begin(), vowels.end(), letters);`","A","The source range uses its beginning and one-past-the-end iterator."
"Programming 622","Topic 2: Standard Template Library","What does `begin()` return for an STL container?","A copy of the container","An iterator one position after the last element","An iterator to the first element","The number of elements","C","begin identifies the first element in the container."
"Programming 622","Topic 2: Standard Template Library","What does `end()` return?","An iterator to the final element","The first element value","An iterator one past the final element","The container capacity","C","The end iterator marks the boundary after the valid range."
"Programming 622","Topic 2: Standard Template Library","Why does an STL algorithm often accept `[begin, end)`?","It processes the first element through the one before end","It requires the range to be sorted","It starts after begin","It includes the element at end","A","The half-open range includes begin but excludes end."
"Programming 622","Topic 2: Standard Template Library","Given `vector<int> v(5); for(int j=0;j<5;j++) v[j]=2*j;` what values are stored?","5 4 3 2 1","0 1 2 3 4","2 4 6 8 10","0 2 4 6 8","D","The loop stores twice each index from zero through four."
"Programming 622","Topic 2: Standard Template Library","An `ostream_iterator<int> screen(cout, "" "")` is used as the destination of `copy`. What happens?","The vector is erased","Integers are read from the keyboard","The values are sorted in place","Each copied integer is written to standard output with a space separator","D","An output stream iterator sends each assigned value to the stream."
"Programming 622","Topic 2: Standard Template Library","What is the result of `copy(a, a + 5, v.begin())` when a has five integers?","The five array values are copied into the first five vector positions","The values are copied in reverse order","The vector is appended with five new elements","The source array is deleted","A","The destination begins at the vector’s first element and existing positions are overwritten."
"Programming 622","Topic 2: Standard Template Library","A vector has values `{3,5,7}`. After `it = v.begin(); ++it; v.erase(it);` what remains?","5 and 7","The vector is empty","3 and 5","3 and 7","D","The iterator advances to the second element and erase removes that element."
"Programming 622","Topic 2: Standard Template Library","After `v.push_back(9)` what change occurs?","The final element is removed","The vector is sorted","The first element is replaced","A new element is added at the end","D","push_back appends one value to the sequence."
"Programming 622","Topic 2: Standard Template Library","What does `pop_back()` do to a nonempty vector?","Adds a default element","Removes its first element","Removes its last element","Returns the vector size and clears it","C","pop_back removes the element at the end."
"Programming 622","Topic 2: Standard Template Library","A vector has three elements and calls `resize(5)`. What happens?","Its size becomes five and two new default-initialized elements are added","The last three elements are removed","The vector is sorted","Its capacity is set to exactly three","A","resize changes the number of elements and default-initializes the added entries."
"Programming 622","Topic 2: Standard Template Library","A vector contains 3 elements and is resized to 1. What remains?","The vector remains size three","Only the last element","Only the first element","The vector becomes empty","C","Shrinking resize retains elements that fit and removes those beyond the new size."
"Programming 622","Topic 2: Standard Template Library","Which container is designed for efficient insertion at both its front and back?","`array`","`priority_queue`","`deque`","`stack`","C","A deque supports sequence insertion and removal at both ends."
"Programming 622","Topic 2: Standard Template Library","Which operation adds an element to the front of a deque?","`push_front(value)`","`pop_front(value)`","`push_back(value)`","`front.push(value)`","A","push_front inserts a value at the beginning of a deque."
"Programming 622","Topic 2: Standard Template Library","Why is a vector considered a sequence container?","Its elements have a linear order and can be accessed by position","It stores only unique values","It permits access only to the top element","Its elements are always sorted by key","A","A vector stores an ordered sequence with index-based access."
"Programming 622","Topic 2: Standard Template Library","Which operation accesses the element at index 2 in vector `v`?","`v.get(2)`","`v.begin(2)`","`v(2)`","`v[2]`","D","Square brackets use the zero-based index to access an element."
"Programming 622","Topic 2: Standard Template Library","Which iterator type traverses a vector from first element toward the last?","`reverse_iterator` only","`vector<int>::iterator`","`ostream_iterator<int>`","`istreambuf_iterator<char>`","B","The vector iterator type traverses its elements in forward order."
"Programming 622","Topic 2: Standard Template Library","What is the effect of `copy(v.begin()+2, v.end(), v.begin())` on `v = {12,16,8,23,40,6}`?","The first two values are copied to the end","The first two elements are erased","The values from index 2 onward are copied starting at index 0","The vector is reversed","C","The source range starts at the third item and the destination starts at the first."
"Programming 622","Topic 2: Standard Template Library","What is the risk in `copy(v.begin(), v.end()-2, v.begin()+1)`?","It always sorts the range","It changes all values to zero","The destination starts inside the source range so the algorithm’s overlap precondition is violated","It automatically resizes every container","C","Overlapping ranges can violate copy’s preconditions and lead to undefined behavior."
"Programming 622","Topic 2: Standard Template Library","What does `rbegin()` represent?","A one-past-the-end forward iterator","A forward iterator at the first element","A reverse iterator at the last element","The number of elements","C","A reverse iterator begins traversal from the sequence’s end."
"Programming 622","Topic 2: Standard Template Library","A student wants to print every vector element to the console. Which destination is suitable?","`v.end()` as an output stream","An `ostream_iterator` bound to `cout`","A default `vector<int>::iterator`","A `deque<int>` with no stream","B","An output stream iterator adapts the output stream for copy."
"Programming 622","Topic 2: Standard Template Library","Which algorithm is intended to transfer a range of elements to an output iterator?","`erase`","`copy`","`push_front`","`resize`","B","copy assigns each source value through the output iterator."
"Programming 622","Topic 2: Standard Template Library","After `vec.push_back(15); vec.push_back(2); vec.push_back(10); vec.erase(vec.begin()+1);` which order remains?","10 15","15 2","2 10","15 10","D","erase removes the second element while preserving the relative order of the remaining elements."
"Programming 622","Topic 2: Standard Template Library","An iterator points to the element returned by `v.begin()`. What is `*it`?","The address of the whole vector","The one-past-end marker","The number of elements","The value of the first element","D","Dereferencing an iterator accesses its current element."
"Programming 622","Topic 2: Standard Template Library","Why should code avoid dereferencing `v.end()`?","end deletes the vector","end always refers to the first item","end is a numeric size","end is not an iterator to a valid element","D","The end iterator marks the boundary and does not identify an element."
"Programming 622","Topic 2: Standard Template Library","Which statement about `vector::erase(it)` is correct?","It changes the value at it to zero","It removes the element at it and returns an iterator to the following position","It appends a new element","It removes every element before it","B","erase removes the selected element and provides the next valid position."
"Programming 622","Topic 2: Standard Template Library","An algorithm expects a source range. What does the pair `first` and `last` usually mean?","Only first and last values","Every element including last twice","Elements from first up to but not including last","Elements strictly after first through last","C","STL ranges conventionally use a half-open interval."
"Programming 622","Topic 2: Standard Template Library","How are values from array `list` of length five copied into a vector `v` of at least five elements?","`copy(list.begin(), list.end(), v);`","`copy(list, list + 5, v.begin());`","`copy(v.begin(), v.end(), list + 5);`","`v = copy(list + 5, list);`","B","The array range begins at list and ends one past its fifth element."
"Programming 622","Topic 2: Standard Template Library","A vector begins empty. What does five calls to `push_back` do?","Removes five values","Sorts the values automatically","Creates five elements in insertion order","Reserves five slots without changing size","C","Each push_back appends one element."
"Programming 622","Topic 2: Standard Template Library","Which distinction between vector size and capacity is useful?","They are identical by definition","Size counts elements currently present while capacity describes allocated storage","Size is the largest integer value while capacity is the iterator type","Capacity counts only removed values","B","Size and capacity describe current elements and reserved storage respectively."
"Programming 622","Topic 2: Standard Template Library","A generic algorithm operates on iterators rather than a specific container type. What does that support?","Eliminating element types","Accessing only the first element","Reusing the algorithm with different compatible containers","Forcing all containers to become vectors","C","Iterator-based algorithms can work across containers that provide compatible iterators."
"Programming 622","Topic 2: Standard Template Library","The code prints `2 4 6 8 10` after copying an array into a vector. What likely happened?","The source range was copied into vector positions and then output with a stream iterator","The vector was resized to zero","The vector was sorted descending","The array was erased","A","The two copy operations first transfer values and then write them to the output stream."
"Programming 622","Topic 2: Standard Template Library","When a vector element is erased why should code use the iterator returned by erase?","It resets every element to its index","It returns a copy of the erased element","It changes the vector into a deque","Erasure can invalidate iterators and the returned iterator identifies the next valid position","D","Using the returned iterator safely continues traversal after erasure."
"Programming 622","Topic 2: Standard Template Library","Which is a valid declaration of a vector of 50 decimal numbers?","`vector<double> amounts(50);`","`vector amounts<double>(50);`","`vector<decimal> amounts[50];`","`double vector amounts[50];`","A","The STL template type is specified inside angle brackets."
"Programming 622","Topic 2: Standard Template Library","What does `copy(vec.begin(), vec.end(), screen)` do when `screen` is an integer output iterator?","Copies the vector into an array named screen","Writes the entire vector to its associated output stream","Reads integers from the stream into the vector","Removes the vector contents","B","The algorithm visits the full vector range and outputs each item."
"Programming 622","Topic 2: Standard Template Library","A loop uses `for (auto it=v.begin(); it!=v.end(); ++it)`. What does `++it` do?","Returns the vector size","Moves the iterator to the previous element","Advances the iterator to the next element","Erases the element","C","Incrementing a forward iterator moves to the next position."
"Programming 622","Topic 2: Standard Template Library","Which review exercise most directly tests iterator invalidation and element removal?","Choose a container by its name","Print a scalar with cout","Declare a vector with a fixed size","Advance an iterator then erase that selected vector element","D","The erase exercise combines traversal state with mutation of the sequence."
"Programming 622","Topic 3: Linked Lists","How are nodes in a linked list arranged in memory?","They are ordered by creation time regardless of links","They must occupy consecutive array positions","They can be stored at separate nonadjacent locations and connected by links","They are stored only in CPU registers","C","Links determine traversal order and nodes need not be adjacent in memory."
"Programming 622","Topic 3: Linked Lists","What determines the logical order of a linked list?","The links between its nodes","The order in which the computer allocated memory","The numeric size of each node","The order of variable declarations","A","A node link identifies the next node in the list sequence."
"Programming 622","Topic 3: Linked Lists","What does a head pointer usually contain?","A copy of every node value","The address of the first node or null for an empty list","The total number of bytes allocated","The address of the final node only","B","The head pointer provides the starting point for list traversal."
"Programming 622","Topic 3: Linked Lists","In an info-link node what does `info` store?","The head pointer","The next node address","The element value","The list capacity","C","The info field stores the data carried by the node."
"Programming 622","Topic 3: Linked Lists","In an info-link node what does `link` store?","The element value","A reference to the previous node in every singly linked list","A pointer to the next node","The list length","C","The link field connects a node to its successor."
"Programming 622","Topic 3: Linked Lists","A singly linked list has only next links. Which traversal direction is available?","Both directions without extra links","From any node backward to the head","Direct access to any index in constant time","From the head toward later nodes","D","A singly linked list follows links forward from its head."
"Programming 622","Topic 3: Linked Lists","Why is a linked list not a random-access structure?","It has no element values","It cannot contain duplicate values","It stores nodes in sorted memory addresses","To reach a distant node you must follow preceding links","D","A position is reached by traversal rather than constant-time indexing."
"Programming 622","Topic 3: Linked Lists","What does `list->info` evaluate to when `list` points to a node?","That node’s stored info value","The number of nodes","The next node’s link address","The value of the final node only","A","The arrow operator accesses the pointed-to node’s info member."
"Programming 622","Topic 3: Linked Lists","Given `p = list; p = p->link;` what does p point to after the second statement?","The node after the original head","The final node in all cases","The original head node","A newly allocated node","A","Following the link advances p by one node."
"Programming 622","Topic 3: Linked Lists","What does `list->link == NULL` indicate when list is non-null?","The head is also the last node","The list is empty","The head has two successors","The node has been deleted","A","A null next link means there is no successor."
"Programming 622","Topic 3: Linked Lists","What should an empty linked list’s head pointer contain?","The address of a default node","A pointer to itself","The integer zero stored in info","`NULL`","D","Null indicates that there is no first node."
"Programming 622","Topic 3: Linked Lists","What is the essential safe order for inserting a node after pointer `A`?","Delete A then allocate the new node","Overwrite A link then attempt to find the old successor","Set the new node link to NULL in every case","Set the new node link to A link then set A link to the new node","D","Saving the successor first preserves the remainder of the list."
"Programming 622","Topic 3: Linked Lists","Why must an insertion after A connect the new node to A’s former successor?","It sorts all values automatically","Otherwise the remaining list would be disconnected","It guarantees the new node becomes the head","It changes the list to doubly linked","B","The old successor chain must remain reachable after insertion."
"Programming 622","Topic 3: Linked Lists","A node is inserted at the head of a singly linked list. What pointer update is required?","The new node points to the old head and head points to the new node","The new node’s info becomes the head pointer","The tail is deleted","The old head points to itself","A","This update preserves the old list after the new node becomes first."
"Programming 622","Topic 3: Linked Lists","When deleting the head node from a nonempty list what must happen first?","Sort the list","Move the head pointer to the second node","Set the tail pointer to the deleted node","Set the second node link to the old head","B","The new head must bypass the node being removed."
"Programming 622","Topic 3: Linked Lists","Why should dynamically allocated memory be released after deleting a node?","To turn the list into an array","To preserve a pointer to freed storage","To avoid a memory leak after the node is no longer used","To make the list automatically sorted","C","Deallocating the removed node returns its memory for reuse."
"Programming 622","Topic 3: Linked Lists","A pointer `p` is used to print each node until the list ends. What condition is appropriate?","`while (p->link == p)`","`while (p == NULL)`","`while (p != NULL)`","`while (p->info = NULL)`","C","Traversal continues while p points to a valid node."
"Programming 622","Topic 3: Linked Lists","Which loop correctly advances through a singly linked list?","`p++;`","`p = list.end();`","`p = p->info;`","`p = p->link;`","D","The next pointer gives the next list node."
"Programming 622","Topic 3: Linked Lists","After `list = new nodeType; list->info=10; list->link=NULL;` how many nodes are reachable from list?","Two","One","Unknown because info is uninitialized","Zero","B","The new head points to one allocated node whose next link is null."
"Programming 622","Topic 3: Linked Lists","What list results from inserting 10 after the node containing 20 in `20 -> 30 -> NULL`?","`20 -> 10 -> 30 -> NULL`","`30 -> 20 -> 10 -> NULL`","`10 -> 20 -> 30 -> NULL`","`20 -> 30 -> 10 -> NULL`","A","Insertion after the 20 node places 10 before its former successor."
"Programming 622","Topic 3: Linked Lists","What happens if code sets `A->link = newNode` before saving the old `A->link`?","The new node automatically links to the successor","The list remains unchanged","The head is always updated","The old successor may become unreachable","D","Overwriting the only reference to the successor can detach the rest of the list."
"Programming 622","Topic 3: Linked Lists","What distinguishes an ordered linked list from an unordered linked list?","It permits only one node","Its nodes are stored contiguously","Its links point in both directions","The values are maintained in sorted order","D","An ordered list preserves value order during insertion."
"Programming 622","Topic 3: Linked Lists","To insert a value into an ascending ordered linked list where should the algorithm stop searching?","At the head for every insertion","At the first null pointer before checking any values","At the first node whose value is not less than the new value","At the last node even if earlier values are larger","C","The insertion point preserves the ascending sequence."
"Programming 622","Topic 3: Linked Lists","A list contains 5 10 15. Where does 12 belong in an ascending ordered list?","It cannot be inserted","After 15","Before 5","Between 10 and 15","D","12 belongs before the first larger value."
"Programming 622","Topic 3: Linked Lists","What extra capability does a doubly linked node usually provide?","Random indexing","Two separate data values only","A link to both its predecessor and successor","Automatic sorting","C","Backward movement is enabled by a previous link."
"Programming 622","Topic 3: Linked Lists","Why might a doubly linked list use more memory per node than a singly linked list?","Each node duplicates the whole list","It stores no data field","It reserves an array for every value","Each node stores an additional previous link","D","The extra pointer increases each node’s storage requirements."
"Programming 622","Topic 3: Linked Lists","What is a header node commonly used for?","A node that stores the list’s source code","A sentinel node that can simplify boundary cases","The only data node in every list","A replacement for all links","B","A sentinel can make insertion and deletion logic more uniform."
"Programming 622","Topic 3: Linked Lists","What is a trailer node commonly used for?","A sentinel marking the end region of a list","A separate array of sorted values","A pointer to the class destructor","The first value inserted into every list","A","A trailer sentinel provides a stable endpoint boundary."
"Programming 622","Topic 3: Linked Lists","An iterator for a linked list is advanced with `++it`. What does this represent?","Jump directly to an arbitrary index","Move the head pointer to null","Move to the next linked element","Delete the current element","C","A list iterator follows the list’s next position."
"Programming 622","Topic 3: Linked Lists","Which claim about linked-list memory is correct?","The nodes may be allocated dynamically as needed","List capacity is fixed by an array declaration","Deleting a node never frees memory","Every node must be allocated before the program starts","A","Dynamic nodes can be added and removed during execution."
"Programming 622","Topic 3: Linked Lists","How does `unorderedLinkedList::insertFirst(30)` affect a list beginning `15 -> 28`?","It makes 30 the new first node","It sorts the list as 15 28 30","It removes 15","It places 30 after 28","A","insertFirst links the new value at the head."
"Programming 622","Topic 3: Linked Lists","After calling `deleteNode(30)` when the value 30 is absent what is the expected conceptual result?","The entire list is deallocated","A new 30 node is inserted","The head is always deleted","The list remains unchanged","D","Deleting a value not present should not remove another node."
"Programming 622","Topic 3: Linked Lists","A list copy is assigned to another list. What should a proper deep-copy assignment preserve?","The original list must become empty","Two head pointers that share every node without care","Only the first value","Equivalent values in separate node storage","D","A deep copy gives the new list its own corresponding nodes."
"Programming 622","Topic 3: Linked Lists","What is the risk of two list objects sharing the same node chain unintentionally?","Deleting through one can leave the other with dangling pointers","Both lists sort themselves","The node values become immutable","The list length doubles automatically","A","Shared ownership can make one list’s deletion invalidate the other."
"Programming 622","Topic 3: Linked Lists","Given `B = A->link; cout << B->info;` what is printed?","The number of nodes before A","The address of the list head","The info in the node after A","The info in A","C","B is assigned A’s successor before its info is output."
"Programming 622","Topic 3: Linked Lists","Why is `B = B->link->link` unsafe without checks?","It always creates two nodes","It changes the list to a queue","It resets every info field","B or an intermediate link may be NULL","D","Each pointer dereference requires a valid non-null pointer."
"Programming 622","Topic 3: Linked Lists","Which operation is usually faster in a linked list when you already have a pointer to the insertion location?","Relinking neighboring nodes","Indexing the element at position 500","Resizing a contiguous vector","Binary searching by index","A","Insertion can update a small number of links once the location is known."
"Programming 622","Topic 3: Linked Lists","How can a singly linked list be printed in reverse order without reversing its links?","Start at the tail and follow next pointers backward","Sort the list descending","Swap the head and tail pointers only","Recursively print the tail before printing the current node","D","The recursive call reaches the tail first and prints while calls return."
"Programming 622","Topic 3: Linked Lists","The guide review asks whether nodes are created in the order that determines list order. What is the correct principle?","Node values are sorted by memory address","Allocation order always fixes list order","The links determine order regardless of allocation sequence","Only doubly linked lists have order","C","A list’s structure is determined by its pointer links."
"Programming 622","Topic 3: Linked Lists","What is the key difference between an array list and a linked list?","Linked lists have no element order","Arrays support direct index access while linked lists require traversal","Linked lists require contiguous memory while arrays do not","Arrays cannot store duplicate values","B","Array indexing is direct while list access follows links."
"Programming 622","Topic 4: Recursion","What is recursion?","Storing values in a linked node","Solving a problem by reducing it to smaller versions of itself","Sorting values by key","Repeating a fixed block only with a for loop","B","A recursive solution expresses a problem through smaller instances of itself."
"Programming 622","Topic 4: Recursion","What is a base case?","The call that always creates another call","A global variable shared by every function","A case whose solution is obtained directly and stops recursive calls","The largest input to a function","C","The base case supplies the stopping result."
"Programming 622","Topic 4: Recursion","What is the general case in a recursive definition?","The rule that stops without returning a result","The rule that reduces the problem to a smaller instance","A repeated loop condition","A constructor with parameters","B","The general case makes progress toward a base case."
"Programming 622","Topic 4: Recursion","For `fact(0)=1` and `fact(n)=n*fact(n-1)` which expression is the base case?","`n * n`","`fact(0) = 1`","`fact(n) = n * fact(n-1)`","`fact(n+1)`","B","The zero case is directly defined and ends the recursion."
"Programming 622","Topic 4: Recursion","What must a recursive function do to terminate for valid inputs?","Keep the argument unchanged forever","Allocate another function each time","Eventually reach a base case","Call itself before every return without a limit","C","A recursive chain must make progress to a stopping case."
"Programming 622","Topic 4: Recursion","What is direct recursion?","A function is called by main once","A function calls itself","Two functions call each other only","A function calls a constructor","B","Direct recursion is a self-call in the function body."
"Programming 622","Topic 4: Recursion","Function A calls B and B eventually calls A. What form of recursion is this for A?","Iteration","Indirect recursion","Tail recursion","Binary recursion only","B","A returns through a chain of other functions so the recursion is indirect."
"Programming 622","Topic 4: Recursion","A function makes its recursive call as its final action and does no work after the call. What is this called?","Indirect recursion","Black-box recursion","A base case","Tail recursion","D","The recursive call is in tail position when no work follows it."
"Programming 622","Topic 4: Recursion","Consider `int mystery(int n){ if(n==0) return 0; return n + mystery(n-1); }`. What is `mystery(4)`?","10","0","4","6","A","The calls add 4 + 3 + 2 + 1 + 0."
"Programming 622","Topic 4: Recursion","In the `mystery` function what input moves away from its base case at zero?","A negative argument such as -3","A positive argument such as 3","Zero","Any value after decrement","A","Repeated subtraction from a negative value never reaches zero."
"Programming 622","Topic 4: Recursion","For `funcRec(u,v)` which prints v when u is zero and recurses with u-1 otherwise what is printed by `funcRec(3,'A')`?","Nothing","B","AAA","A","D","The recursive calls reach u equals zero where the base case prints A once."
"Programming 622","Topic 4: Recursion","What happens when `exercise(0)` is called if its body executes only when `x > 0 && x < 10`?","It prints nothing and returns","It prints ten","It recurses forever","It prints zero through nine","A","The condition is false at zero so no recursive branch runs."
"Programming 622","Topic 4: Recursion","What does `exercise(5)` print if it prints x and calls itself with x+1 while x is below 10?","0 1 2 3 4 5","5 6 7 8 9 10","10 only","5 6 7 8 9","D","The call continues while each value remains below ten."
"Programming 622","Topic 4: Recursion","For `test(x,y)` that recurses with `(x+1,y-1)` until x equals y what does `test(5,9)` return if equality returns x?","14","7","5","9","B","Both arguments move toward the midpoint where they become equal."
"Programming 622","Topic 4: Recursion","Given `f(0)=2` and `f(1)=3` and `f(n)=f(n-1)+f(n-2)` what is `f(3)`?","6","13","5","8","D","f(2) is 5 and then f(3) is 5 plus 3."
"Programming 622","Topic 4: Recursion","Which call sequence does `fact(3)` make before reaching the base case?","fact(3) only","fact(3) then fact(4) then fact(5)","fact(3) then fact(2) then fact(1) then fact(0)","fact(0) then fact(1) then fact(2)","C","Each general case decreases n by one until zero."
"Programming 622","Topic 4: Recursion","What happens after a recursive call returns to its caller?","Execution resumes immediately after that recursive call","The caller is deleted","The base case runs again automatically","The program restarts from main","A","Each call resumes its pending work after the nested call returns."
"Programming 622","Topic 4: Recursion","Why does a recursive function have separate parameter values for each call?","All calls share one parameter cell by definition","Parameters are global variables","The function is copied into a new executable","Each call has its own activation and local state","D","Each invocation maintains its own arguments and local variables."
"Programming 622","Topic 4: Recursion","A recursive maximum function receives a range containing one array element. What is its base case result?","That single element","Zero regardless of its value","The array length","The first element of the full array always","A","With one item that item is necessarily the range maximum."
"Programming 622","Topic 4: Recursion","For a recursive maximum over indices low through high what should the recursive call do?","Discard the array before comparing","Increase high without limit","Call with the same low and high","Reduce the range by advancing low toward high","D","The smaller subproblem removes one element from the current range."
"Programming 622","Topic 4: Recursion","A linked list is printed in reverse order using recursion. Why print after the recursive call?","The tail is printed first as the calls unwind","The head pointer changes direction","The list becomes doubly linked","The call deletes every node","A","Work after the recursive call executes from the last node back toward the head."
"Programming 622","Topic 4: Recursion","What is the base case for recursively printing a singly linked list backward?","The list has at least two nodes","The tail link points to the head","The current pointer is NULL and no value is printed","The current pointer points to the head and prints immediately","C","A null pointer means the tail beyond the final node has been reached."
"Programming 622","Topic 4: Recursion","To multiply positive integers m and n recursively by repeated addition what is a natural recurrence?","product(mn) = m + product(mn-1) with a zero base case","product(mn) = m - n until n grows","product(mn) = m / n at n equal to zero","product(mn) = m*n + product(mn+1)","A","Repeated addition reduces the multiplier by one each call."
"Programming 622","Topic 4: Recursion","To reverse an array segment recursively which pair of indices should move inward?","Swap low and high then recurse with low+1 and high-1","Sort the entire array before each call","Increase both indices until high grows","Keep the same endpoints forever","A","Moving both boundaries inward shrinks the segment to a base case."
"Programming 622","Topic 4: Recursion","When should recursion stop while reversing a segment?","Never because an array has fixed size","When the indices meet or cross","When low becomes larger than the array length","Only after all values are zero","B","A segment of zero or one item needs no further swap."
"Programming 622","Topic 4: Recursion","Which is a valid base case for factorial of a nonnegative integer?","`if (n < 0) return fact(n-1);`","`return fact(n);`","`if (n == 0) return 1;`","`if (n == 0) return n * fact(n-1);`","C","Zero factorial is directly defined as one."
"Programming 622","Topic 4: Recursion","What defect exists in a factorial function that calls `fact(n-1)` for every n without a base case?","It does not terminate and eventually exhausts the call stack","It sorts the values","It always returns one","It becomes an iterative algorithm","A","Without a stopping branch each call continues recursively."
"Programming 622","Topic 4: Recursion","How does iteration differ from recursion as described in the guide?","Iteration repeats through loop control while recursion uses function calls on smaller problems","They are identical implementation mechanisms","Recursion cannot solve mathematical problems","Iteration always uses more memory than recursion","A","A loop repeats statements whereas recursion creates nested function calls."
"Programming 622","Topic 4: Recursion","When can recursion be a useful technique?","Whenever no base case can be found","Only when a linked list is sorted","When a problem is naturally defined in terms of smaller versions of itself","Only when the input is a string","C","Self-similar problems often have clear recursive subproblems."
"Programming 622","Topic 4: Recursion","What is a danger of indirect recursion?","It can be tedious to trace the call chain and base cases","It never uses functions","It always executes faster than direct recursion","It cannot have base cases","A","Multiple functions in the cycle make termination analysis harder."
"Programming 622","Topic 4: Recursion","In `return n * fact(n-1);` which work is pending after the recursive call?","A loop condition","No work at all","A second call to fact with n+1","Multiplication by n","D","The multiplication waits until the recursive result returns."
"Programming 622","Topic 4: Recursion","For `f(0)=2`, `f(1)=3`, and `f(n)=f(n-1)+f(n-2)` what is `f(2)`?","6","3","5","2","C","The recursive case adds f(1) and f(0)."
"Programming 622","Topic 4: Recursion","A recursive function prints the current value before making its smaller call. In what order will the values appear?","Only after the function returns","From the initial call toward the base case","From the base case back to the initial call","Sorted numerically","B","Printing before the recursive call happens during descent."
"Programming 622","Topic 4: Recursion","A recursive function prints after making its smaller call. In what order will values appear?","From the base case back toward the initial call","In random order","Only the base value","From the first call toward the base case","A","Statements after the call run while stack frames return."
"Programming 622","Topic 4: Recursion","Why is input validation important for a recursive function expecting nonnegative n?","Negative input may never reach its zero base case when n decreases","It changes recursion into iteration","It guarantees a smaller result","Negative values automatically become zero","A","The recursive step must move valid inputs toward the base condition."
"Programming 622","Topic 4: Recursion","For a recursive function defined only for `0 <= x <= 50` what test values should check its boundaries?","10 20 30 only","-1 0 1 49 50 51","0 only","100 and 200 only","B","These values probe just-outside and at-edge behavior."
"Programming 622","Topic 4: Recursion","What is the call-stack role in ordinary recursive execution?","It stores each active call’s parameters and local state","It replaces the base case","It sorts the return values","It permanently stores every result in the source file","A","Each active invocation needs its own saved state until it returns."
"Programming 622","Topic 4: Recursion","An algorithm reduces a list segment by one item per call. If the segment starts with n items how deep can its calls grow?","Always one call","Logarithmic for every such recursion","Proportional to n","Proportional to n squared calls in depth","C","One item is removed per call so the depth can scale linearly with input length."
"Programming 622","Topic 4: Recursion","Which review statement is true about every recursive definition?","It must always return a value","Its general case must stop immediately","It can only call itself directly","It must include one or more base cases","D","A base case ensures the recursive definition can terminate."
"Programming 622","Topic 4: Recursion","Which review statement about recursive functions is false?","A recursive function needs a terminating path","Every recursive function must return a value","A recursive function calls itself directly or indirectly","Each call has its own parameters","B","Procedures with a void return type can still be recursive."
"Big Data and IoT 600","Topic 1: Big Data Analysis and Extraction Techniques","A firm collects click events photos sensor readings and transaction tables at high speed. What makes the workload Big Data?","Its size speed and variety challenge conventional processing","It is stored on one desktop","It contains only a single spreadsheet","It has no requirement for analysis","A","Big Data is characterized by scale and complexity across multiple dimensions."
"Big Data and IoT 600","Topic 1: Big Data Analysis and Extraction Techniques","Which set names the classic three Vs of Big Data?","Validity visibility and version","Volume velocity and variety","Value variance and vector","Volume value and verification","B","The traditional three Vs describe quantity speed and heterogeneous forms."
"Big Data and IoT 600","Topic 1: Big Data Analysis and Extraction Techniques","Which item is often added to form a five-V description of Big Data?","Voltage and virtuality","Version and visibility","Veracity and value","Vibration and validation","C","Veracity and value extend the classic three-V framing."
"Big Data and IoT 600","Topic 1: Big Data Analysis and Extraction Techniques","A table of sales with fixed columns and typed values is what data type?","Raw video data","Unstructured data","Free-form text only","Structured data","D","A relational table follows a predefined schema."
"Big Data and IoT 600","Topic 1: Big Data Analysis and Extraction Techniques","A folder contains customer support recordings and photos with no fixed rows or columns. How is that data classified?","Unstructured data","A relational key","Structured data","A normalized table","A","Images and audio do not naturally follow a fixed tabular schema."
"Big Data and IoT 600","Topic 1: Big Data Analysis and Extraction Techniques","JSON event records with named fields but flexible nesting are usually considered what?","A primary index","Strictly relational data only","Unstructured analog signals","Semi-structured data","D","JSON carries organizational tags while allowing a flexible structure."
"Big Data and IoT 600","Topic 1: Big Data Analysis and Extraction Techniques","A team must process a very large archive across many machines using distributed storage and batch processing. Which framework is a common fit?","A desktop text editor","HTML form validation","A single spreadsheet macro","Apache Hadoop","D","Hadoop supports distributed storage and processing of large datasets."
"Big Data and IoT 600","Topic 1: Big Data Analysis and Extraction Techniques","Analysts need fast in-memory distributed processing for iterative analytics. Which tool is a strong candidate?","A paper ledger","A basic HTML form","Apache Spark","A sequential employee number","C","Spark is designed for distributed processing with in-memory capabilities."
"Big Data and IoT 600","Topic 1: Big Data Analysis and Extraction Techniques","How does Hadoop MapReduce typically divide work?","Map stores data in cookies and reduce encrypts it","Map creates an SQL table and reduce deletes the database","Map transforms records into intermediate key-value results and reduce aggregates them","Map labels images and reduce draws charts only","C","Map and reduce split distributed work into transformation and aggregation stages."
"Big Data and IoT 600","Topic 1: Big Data Analysis and Extraction Techniques","A company wants flexible document records with changing fields across services. What database family can fit?","NoSQL databases such as MongoDB or Cassandra","An ostream iterator","A recursive class destructor","Only a fixed paper report","A","NoSQL systems support data models beyond rigid relational tables."
"Big Data and IoT 600","Topic 1: Big Data Analysis and Extraction Techniques","An analyst stores raw JSON logs in their original form for later exploration. What is a likely storage destination?","A cache of session IDs","A normalized transaction table only","A report footer","A data lake","D","A data lake can preserve raw data in its native format."
"Big Data and IoT 600","Topic 1: Big Data Analysis and Extraction Techniques","A business wants cleansed structured measures prepared for repeatable enterprise reporting. What repository is suitable?","A cookie jar","A raw binary file","A source document","A data warehouse","D","A warehouse organizes structured data for consistent analysis."
"Big Data and IoT 600","Topic 1: Big Data Analysis and Extraction Techniques","Why can cloud platforms help a Big Data analytics workflow?","They only work with local files","They remove the need for governance","They guarantee every dataset is accurate","They provide scalable storage and compute resources on demand","D","Cloud infrastructure can scale resources as data processing needs change."
"Big Data and IoT 600","Topic 1: Big Data Analysis and Extraction Techniques","An online shop analyzes public comments to estimate customers’ sentiment about a new product. What technique is being used?","Sentiment analysis","Sequence coding","Image compression","Referential integrity","A","Sentiment analysis extracts opinion or polarity from text."
"Big Data and IoT 600","Topic 1: Big Data Analysis and Extraction Techniques","A retailer groups customers by similar buying patterns without preassigned segment labels. Which technique is appropriate?","Supervised regression","Manual sorting only","Encryption","Clustering","D","Clustering discovers groups from similarity without predefined labels."
"Big Data and IoT 600","Topic 1: Big Data Analysis and Extraction Techniques","A bank uses labeled past transactions to predict whether a new transaction is fraudulent. What learning setup is this?","Data deduplication","Unsupervised clustering","Reinforcement learning only","Supervised classification","D","Known fraud labels teach a classifier to assign categories to new cases."
"Big Data and IoT 600","Topic 1: Big Data Analysis and Extraction Techniques","Why is real-time analytics useful to an online payment service?","It can only summarize annual totals","It prevents users from creating data","It waits until records are archived for years","It can flag risky activity while a transaction is occurring","D","Low-latency analysis enables decisions during ongoing activity."
"Big Data and IoT 600","Topic 1: Big Data Analysis and Extraction Techniques","A pipeline merges customer information from CRM SQL tables and nested app logs. What preprocessing step aligns field types and formats?","Model deployment","Data transformation","A page break","A hard-coded label","B","Transformation converts sources into a consistent representation for analysis."
"Big Data and IoT 600","Topic 1: Big Data Analysis and Extraction Techniques","Two customer records use `ZA` and `South Africa` for the same country. Which task addresses the inconsistency?","Data cleaning and standardization","Model scoring","Random sampling","Encryption at rest only","A","Cleaning resolves inconsistent representations before modeling."
"Big Data and IoT 600","Topic 1: Big Data Analysis and Extraction Techniques","A dataset contains multiple copies of the same transaction. What cleanup is appropriate?","Apply a larger learning rate","Change the target to a category","Identify and remove duplicate records","Convert every field to a string","C","Duplicate rows can distort counts and model patterns."
"Big Data and IoT 600","Topic 1: Big Data Analysis and Extraction Techniques","A sensor field is blank for some rows. What should the analyst do before modeling?","Assume every blank means zero without checking","Treat the blank as a new class automatically","Delete the entire data warehouse","Assess the missingness and choose a suitable handling strategy","D","Missingness can introduce bias so it should be understood and handled deliberately."
"Big Data and IoT 600","Topic 1: Big Data Analysis and Extraction Techniques","What does data normalization generally aim to do during preprocessing?","Create more duplicate rows","Encrypt all records with a password","Rescale or organize values to a consistent basis for analysis","Remove the target variable from every task","C","Normalization can place features on comparable scales."
"Big Data and IoT 600","Topic 1: Big Data Analysis and Extraction Techniques","How is standardization commonly different from min-max scaling?","They are identical for all datasets","Standardization centers and scales using mean and standard deviation","Standardization always maps values exactly to 0 through 1","Min-max scaling centers at zero with unit variance","B","Standardization uses distribution statistics while min-max maps an observed range."
"Big Data and IoT 600","Topic 1: Big Data Analysis and Extraction Techniques","What problem can an extreme outlier create for a model?","It always improves generalization","It guarantees class balance","It can distort learned patterns and summary statistics","It converts structured data to semi-structured","C","Outliers can exert disproportionate influence on fitted patterns."
"Big Data and IoT 600","Topic 1: Big Data Analysis and Extraction Techniques","A data team applies transformations to millions of records. Which issue is a Big Data workflow challenge?","Every transformation is human-scale","There are too few file formats","Resource use and processing time must be managed","The schema can never change","C","Large transformations can consume substantial memory and computation."
"Big Data and IoT 600","Topic 1: Big Data Analysis and Extraction Techniques","In a streaming pipeline why are transformation delays important?","Only offline jobs use transformations","Streams have no timestamps","Streaming data cannot be analyzed","Real-time requirements demand that data be transformed quickly","D","Streaming workflows must meet low-latency processing constraints."
"Big Data and IoT 600","Topic 1: Big Data Analysis and Extraction Techniques","What is feature engineering in a Big Data workflow?","Storing passwords in plain text","Removing the need for data cleaning","Replacing all data with a report","Creating or reshaping useful inputs for analysis or models","D","Feature engineering produces representations that help models learn useful patterns."
"Big Data and IoT 600","Topic 1: Big Data Analysis and Extraction Techniques","A text field is changed into TF-IDF vectors before classification. What kind of transformation is this?","A time-zone conversion","Deleting all unstructured data","Encoding text into numeric features","A database join","C","TF-IDF maps textual terms into a numerical representation."
"Big Data and IoT 600","Topic 1: Big Data Analysis and Extraction Techniques","A manager needs totals and averages per product category. What transformation is being applied?","Data encryption","Authentication","Aggregation","Feature scaling only","C","Aggregation summarizes many records into measures such as counts or averages."
"Big Data and IoT 600","Topic 1: Big Data Analysis and Extraction Techniques","Which approach best reduces the risk of data leakage during preprocessing?","Fit transformations using training data then apply them to held-out data","Copy target labels into every feature","Calculate scaling values from the test set and training set together","Choose cleaning rules after inspecting test labels","A","Separating preprocessing fit from evaluation data keeps the test set independent."
"Big Data and IoT 600","Topic 1: Big Data Analysis and Extraction Techniques","A prediction model uses past purchase data to estimate future customer churn. Which broad analysis capability is this?","Descriptive reporting only","Predictive analytics","Data serialization","Data entry validation","B","Predictive analysis estimates an unknown or future outcome from historical patterns."
"Big Data and IoT 600","Topic 1: Big Data Analysis and Extraction Techniques","How can Big Data support data-driven decisions?","It eliminates the need to validate assumptions","Its size alone guarantees a correct decision","It replaces all domain expertise","It can reveal patterns that inform choices when analyzed against business goals","D","Data is useful when analysis produces relevant evidence for decisions."
"Big Data and IoT 600","Topic 1: Big Data Analysis and Extraction Techniques","Why should a team examine data quality before training a model?","Models automatically repair every record","Training labels are never influenced by data","Quality only affects display formatting","Errors and missingness can produce unreliable predictions","D","Poor inputs undermine learned patterns and model reliability."
"Big Data and IoT 600","Topic 1: Big Data Analysis and Extraction Techniques","A workflow uses Hadoop or Spark on geographically distributed sources. Why is transformation design important?","The frameworks prevent source data from being heterogeneous","It removes the need for storage architecture","It must reconcile varied formats while controlling distributed processing costs","Distributed jobs only process one record","C","Large distributed workflows must integrate formats and manage compute resources."
"Big Data and IoT 600","Topic 1: Big Data Analysis and Extraction Techniques","Which statement best compares traditional data systems with Big Data systems?","Traditional systems always store unstructured data","Big Data often needs distributed storage and parallel processing at greater scale","Big Data means data has no schema or value","Traditional systems cannot process any transactions","B","Scale and variety often require distributed tools beyond a single conventional system."
"Big Data and IoT 600","Topic 1: Big Data Analysis and Extraction Techniques","A model has high accuracy but predicts the majority class for every row in a highly imbalanced dataset. What should analysts question?","Whether the data has a numeric index","Whether the data is stored in a warehouse","Whether the file has a header row","Whether accuracy hides poor performance on the minority class","D","Imbalanced data can make accuracy misleading without class-specific evaluation."
"Big Data and IoT 600","Topic 1: Big Data Analysis and Extraction Techniques","An e-commerce team builds one customer view from CRM tables and app logs. Which sequence is a sound pipeline choice?","Train a model before inspecting the data","Use raw values directly and treat conflicts as labels","Clean source records then standardize fields and integrate them before analysis","Delete source identifiers and merge arbitrary rows","C","Cleaning and transformation help make heterogeneous sources comparable."
"Big Data and IoT 600","Topic 1: Big Data Analysis and Extraction Techniques","A company collects more data but has no clear business question. What is the main risk?","Every model will be supervised","The collection becomes a data warehouse by definition","The data automatically becomes structured","Volume alone may not produce useful insight or value","D","Big Data is valuable when analysis is tied to meaningful goals."
"Big Data and IoT 600","Topic 1: Big Data Analysis and Extraction Techniques","Which review prompt is most directly about comparing distributed Big Data tools?","Trace a linked-list pointer","Explain how to design an HTML radio button","Choose a cookie expiry date","Compare Hadoop and Spark by processing capability and use case","D","Tool comparison is a core review theme in the chapter."
"Big Data and IoT 600","Topic 1: Big Data Analysis and Extraction Techniques","A pipeline reshapes a wide table into long rows before analysis. Which preprocessing task is this?","Authentication","Data wrangling","Model evaluation","Data encryption","B","Data wrangling rearranges and reshapes data into a useful form."
"Big Data and IoT 600","Topic 2: IoT Architectures and Applications","A greenhouse sensor reads soil moisture and a valve opens when the soil is dry. Which two device roles are shown?","The gateway trains a user","Both devices only display reports","The sensor collects data and the actuator performs an action","The actuator collects data and sensor stores a database","C","Sensors observe conditions while actuators affect the physical environment."
"Big Data and IoT 600","Topic 2: IoT Architectures and Applications","Which description best defines the Internet of Things?","A collection of websites with no physical devices","Connected physical objects use sensors software and networks to exchange data","A network that connects printers but never collects data","A database containing only manually typed records","B","IoT links physical objects and digital communication for sensing and action."
"Big Data and IoT 600","Topic 2: IoT Architectures and Applications","In a layered IoT architecture which layer first senses environmental conditions?","Network layer","Middleware layer","Application layer","Perception layer","D","The perception layer gathers data from sensors and actuators."
"Big Data and IoT 600","Topic 2: IoT Architectures and Applications","A sensor reading is forwarded through Wi-Fi toward a service platform. Which layer handles that communication path?","Application layer","Network layer","Perception layer","Presentation layer","B","The network layer carries data between perception and higher layers."
"Big Data and IoT 600","Topic 2: IoT Architectures and Applications","A service stores sensor readings and computes whether an alarm threshold is exceeded. Which layer is responsible?","Perception layer","Physical layer only","Network layer","Middleware layer","D","Middleware handles storage processing computation and decision support."
"Big Data and IoT 600","Topic 2: IoT Architectures and Applications","A user sees a dashboard for smart irrigation based on processed sensor information. Which layer delivers this domain function?","Application layer","Tagging layer","Perception layer","Network layer","A","Applications use processed IoT data to provide user-facing services."
"Big Data and IoT 600","Topic 2: IoT Architectures and Applications","A device analyzes its own sensor stream to respond within milliseconds when connectivity is unreliable. Where should processing happen?","At the edge near the device","Only in a distant cloud region","On a paper report","In a remote data warehouse after a week","A","Edge processing reduces the round trip to central servers."
"Big Data and IoT 600","Topic 2: IoT Architectures and Applications","A fleet needs to share some workloads between gateways and a central cloud. Which computing approach sits between edge and cloud?","Fog computing","Only local storage","A browser cookie","Batch printing","A","Fog distributes processing between edge and cloud resources."
"Big Data and IoT 600","Topic 2: IoT Architectures and Applications","A utility needs long-term storage and large-scale analytics over years of readings. Which resource is the best fit?","A proximity sensor","A single device actuator","An NFC tag","Cloud computing","D","Central cloud resources provide scalable processing and storage."
"Big Data and IoT 600","Topic 2: IoT Architectures and Applications","A smart home motion sensor triggers a light through a nearby network. Which benefit does IoT provide?","Manual batch data entry","A static file archive","Eliminating every network protocol","Automation based on connected sensing and action","D","Connected devices can act on sensor data automatically."
"Big Data and IoT 600","Topic 2: IoT Architectures and Applications","What is a core advantage of dependable IoT connectivity?","It makes devices independent of networks","It enables remote management and real-time data exchange","It guarantees privacy by itself","It removes the need for sensors","B","Connectivity links devices with central systems and one another."
"Big Data and IoT 600","Topic 2: IoT Architectures and Applications","Which option is a wired IoT connectivity technology named in the guide?","Ethernet","LoRaWAN","Bluetooth","Zigbee","A","Ethernet is a cable-based network connection."
"Big Data and IoT 600","Topic 2: IoT Architectures and Applications","A wearable sends small amounts of data to a nearby phone. Which short-range technology is a likely fit?","NB-IoT","Bluetooth","LoRaWAN","Satellite backhaul","B","Bluetooth is commonly used for short-range wearable communication."
"Big Data and IoT 600","Topic 2: IoT Architectures and Applications","A smart home needs low-power networking for many simple devices. Which technology is suited to that context?","5G only","SMTP","Ethernet only","Zigbee","D","Zigbee is a low-power low-data-rate choice for smart home IoT."
"Big Data and IoT 600","Topic 2: IoT Architectures and Applications","A farm places soil sensors across a remote field and needs long-range low-power reporting. Which technology fits?","HDMI","NFC","LoRaWAN","Bluetooth","C","LoRaWAN is designed for long-range low-data communication in remote monitoring."
"Big Data and IoT 600","Topic 2: IoT Architectures and Applications","A remote meter needs low-data-rate cellular connectivity across a wide area. Which choice matches the guide?","NFC","NB-IoT","USB","Zigbee","B","NB-IoT targets reliable low-data-rate communication over long distances."
"Big Data and IoT 600","Topic 2: IoT Architectures and Applications","An autonomous vehicle requires high-speed communication and very low latency. Which network trend supports this?","A paper ticket","An offline data lake","5G","NFC","C","5G supports high-speed and low-latency IoT use cases."
"Big Data and IoT 600","Topic 2: IoT Architectures and Applications","A wearable must communicate with a phone across a room. Which is more suitable than NFC?","Bluetooth","A QR code alone","An RFID sticker","NFC","A","Bluetooth supports a wider personal-device range than near-field NFC."
"Big Data and IoT 600","Topic 2: IoT Architectures and Applications","A warehouse wants to identify tagged boxes without scanning each barcode manually. What technology fits?","GPS alone","A soil moisture sensor","RFID","NFC only","C","RFID tags enable automatic identification and tracking of physical objects."
"Big Data and IoT 600","Topic 2: IoT Architectures and Applications","A customer taps a phone at a payment terminal at very close range. Which technology is likely involved?","LoRaWAN","NFC","NB-IoT","Zigbee mesh routing","B","NFC supports short-range contactless data exchange."
"Big Data and IoT 600","Topic 2: IoT Architectures and Applications","A hospital connects wearable patient monitors to an analysis service. Which type of IoT application is this?","Smart agriculture","Industrial IoT only","Retail shelf tagging","Healthcare IoT","D","Wearable sensing and patient monitoring are healthcare IoT applications."
"Big Data and IoT 600","Topic 2: IoT Architectures and Applications","A factory connects machinery to monitor condition and adjust production. Which domain label fits?","Industrial IoT","Smart city","Contactless retail payment","Personal web browsing","A","Connected industrial equipment is an IIoT scenario."
"Big Data and IoT 600","Topic 2: IoT Architectures and Applications","A farm adjusts irrigation based on soil moisture data. Which application is represented?","Smart payment","Home entertainment","Smart farming","Smart wearables","C","Soil sensing supports precision irrigation and agriculture."
"Big Data and IoT 600","Topic 2: IoT Architectures and Applications","A city coordinates traffic lights and environmental sensors across districts. What use case is this?","A single embedded database","Static HTML","Personal area network only","Smart city IoT","D","City-scale connected infrastructure is a smart city application."
"Big Data and IoT 600","Topic 2: IoT Architectures and Applications","Why are IoT devices often described as resource-constrained?","They cannot contain sensors","They never communicate wirelessly","Many have limited power processing and storage capacity","They always run desktop operating systems","C","Small embedded devices have fewer resources than servers."
"Big Data and IoT 600","Topic 2: IoT Architectures and Applications","Why is IoT security difficult at scale?","Only one device ever connects","Each device stores no data","Encryption makes security irrelevant","Many distributed devices create a broad attack surface and vary in capability","D","Large and diverse deployments complicate protection and maintenance."
"Big Data and IoT 600","Topic 2: IoT Architectures and Applications","A sensor sends confidential health readings over a network. What security goal is most directly supported by encryption?","Protecting data confidentiality from unauthorized reading","Reducing network latency","Proving every device has a valid identity","Deleting duplicate records","A","Encryption makes intercepted data harder to interpret without a key."
"Big Data and IoT 600","Topic 2: IoT Architectures and Applications","A gateway must verify that a sensor is an approved device before accepting messages. Which control is needed?","Data aggregation","Authentication","Actuation","Feature scaling","B","Authentication checks the identity of a communicating device."
"Big Data and IoT 600","Topic 2: IoT Architectures and Applications","A fitness device collects location and health information. Which concern should guide system design?","Eliminating all data retention rules","Higher screen brightness","A longer serial number only","Privacy protection and careful control of personal data","D","Sensitive IoT data raises privacy and access concerns."
"Big Data and IoT 600","Topic 2: IoT Architectures and Applications","A smart lock accepts commands from any unauthenticated device. What is the key flaw?","It stores data in a warehouse","Its sensors collect data","It uses too much edge computing","The system lacks reliable authentication","D","Without authentication an attacker may impersonate a trusted controller."
"Big Data and IoT 600","Topic 2: IoT Architectures and Applications","A device has too little power for heavy cryptography. What does this create?","A need to balance security protections against resource constraints","A guarantee that encryption is impossible","A solution to authentication weaknesses","A reason to expose all data publicly","A","Constrained devices require security designs that fit their capabilities."
"Big Data and IoT 600","Topic 2: IoT Architectures and Applications","A building loses Internet connectivity but must still respond to fire sensors. What architectural choice improves resilience?","Local edge processing for immediate safety actions","Cloud-only processing with no fallback","Removing the actuators","Batch processing at month end","A","Local processing can preserve low-latency control when the cloud is unreachable."
"Big Data and IoT 600","Topic 2: IoT Architectures and Applications","Which data flow best matches a layered IoT system?","Application senses then perception stores then sensor prints a report","Cloud sends data to a database without any device","Actuator authenticates itself through a report footer","Sensor observes then network carries data then middleware analyzes then application presents or acts","D","The layers move from sensing through communication and processing to application behavior."
"Big Data and IoT 600","Topic 2: IoT Architectures and Applications","A regional gateway filters noisy sensor data before sending summaries to the cloud. Where is that likely happening?","In a cookie store","Only the application layer","At the edge or fog layer","Only the perception layer","C","Gateway-side processing can reduce traffic before central analysis."
"Big Data and IoT 600","Topic 2: IoT Architectures and Applications","A group of home devices from different manufacturers must interoperate. What makes shared standards useful?","They enable compatible communication across implementations","They eliminate the need for security","They make every device identical internally","They replace application requirements","A","Common standards let heterogeneous devices communicate consistently."
"Big Data and IoT 600","Topic 2: IoT Architectures and Applications","A smart-city deployment wants to avoid sending every raw reading to a distant server. Which benefit follows from edge processing?","More dependence on cloud round trips","Higher sensor power use in every case","Lower latency and less network traffic","Automatic identity verification","C","Local analysis can act quickly and reduce unnecessary transmissions."
"Big Data and IoT 600","Topic 2: IoT Architectures and Applications","A healthcare monitoring service sends an alert when patient readings cross a threshold. Which IoT capability is illustrated?","A unique identifier scheme alone","Real-time data collection and action","Offline manual transcription only","Static paper filing","B","IoT can turn incoming measurements into timely actionable responses."
"Big Data and IoT 600","Topic 2: IoT Architectures and Applications","A company must choose between edge and cloud for a task requiring complex historical analysis but not instant response. Which is reasonable?","Use cloud processing for scalable storage and analysis","Use only a simple sensor actuator circuit","Use NFC to aggregate years of data","Avoid processing the historical data","A","Cloud resources suit large-scale centralized analysis when latency is less strict."
"Big Data and IoT 600","Topic 2: IoT Architectures and Applications","Which choice correctly matches a component to its job?","Sensor physically opens the valve","Actuator opens a valve after a control decision","Network layer stores all application reports","Middleware measures soil directly","B","Actuators perform physical actions while sensors measure conditions."
"Big Data and IoT 600","Topic 2: IoT Architectures and Applications","Which review-style application is most likely to need very low latency?","Monthly customer newsletter","Vehicle collision avoidance","Annual warehouse inventory summary","Archived image search","B","Immediate vehicle response depends on minimal communication and processing delay."
"Big Data and IoT 600","Topic 3: IoT Technologies and Standards","What does a sensor do in an IoT system?","Measures a condition such as temperature motion or humidity","Routes every network packet","Stores a user password only","Changes a physical process directly","A","Sensors capture environmental data for later processing."
"Big Data and IoT 600","Topic 3: IoT Technologies and Standards","What does an actuator do?","Assigns an IP address","Carries out a physical action such as opening a valve","Measures the ambient temperature","Compresses a data warehouse","B","Actuators turn digital decisions into physical actions."
"Big Data and IoT 600","Topic 3: IoT Technologies and Standards","An irrigation node measures soil moisture and reports readings to a gateway. Which is the sensing technology role?","It converts a physical condition into data","It authenticates a farmer account","It changes soil moisture itself","It aggregates yearly reports","A","Sensing translates environmental conditions into data values."
"Big Data and IoT 600","Topic 3: IoT Technologies and Standards","A wearable sends measurements to a nearby smartphone with low setup effort. Which connectivity technology is most plausible?","LoRaWAN","NB-IoT","Ethernet","Bluetooth","D","Bluetooth is commonly used for nearby personal devices."
"Big Data and IoT 600","Topic 3: IoT Technologies and Standards","A battery-powered home sensor sends small updates over a short-range mesh. What technology matches?","NFC payment","5G","Zigbee","Satellite television","C","Zigbee supports low-power low-data-rate smart-home networks."
"Big Data and IoT 600","Topic 3: IoT Technologies and Standards","A remote farm sensor has to transmit small readings over a long distance. What is a likely connectivity protocol?","Bluetooth","LoRaWAN","USB","NFC","B","LoRaWAN serves long-range low-data-rate remote monitoring."
"Big Data and IoT 600","Topic 3: IoT Technologies and Standards","A low-power meter sends limited data using a wide-area cellular service. Which option fits?","Zigbee","NB-IoT","Bluetooth","HDMI","B","NB-IoT is optimized for low-power wide-area IoT communication."
"Big Data and IoT 600","Topic 3: IoT Technologies and Standards","A connected medical robot needs responsive high-speed communication. Which technology offers the guide’s low-latency example?","5G","A passive RFID tag","NFC","An offline memory card","A","5G is described as supporting high-speed low-latency real-time applications."
"Big Data and IoT 600","Topic 3: IoT Technologies and Standards","A gateway processes data close to where sensors produce it. Which architecture term applies?","Batch processing","Data warehousing","Cloud computing","Edge computing","D","Edge computing runs processing on the device or gateway."
"Big Data and IoT 600","Topic 3: IoT Technologies and Standards","A regional compute layer shares work between local edge devices and a cloud. What is this?","Fog computing","A cipher code","A content delivery form","Relational normalization","A","Fog distributes tasks between edge and cloud resources."
"Big Data and IoT 600","Topic 3: IoT Technologies and Standards","A central service stores years of readings and runs large analytics jobs. What computing location is used?","Cloud computing","An NFC reader","Edge computing only","A sensor actuator","A","Cloud computing provides centralized scalable storage and processing."
"Big Data and IoT 600","Topic 3: IoT Technologies and Standards","A company wants to preserve raw JSON and image files before deciding how to structure them. Which storage design is suitable?","A relational report only","A data lake","An index key","A source document form","B","A data lake can store raw data in its native format."
"Big Data and IoT 600","Topic 3: IoT Technologies and Standards","A company prepares clean structured facts for repeated business reports. Which repository is designed for that?","A data warehouse","A sensor register","A data lake only","A session cookie","A","A warehouse organizes structured data for retrieval and analysis."
"Big Data and IoT 600","Topic 3: IoT Technologies and Standards","A logistics company tracks tagged pallets as they pass warehouse gates. Which technology is relevant?","A gyroscope","A standard keyboard","RFID","NFC only","C","RFID automatically identifies tagged objects across supply chains."
"Big Data and IoT 600","Topic 3: IoT Technologies and Standards","A visitor taps a badge close to a reader to gain entry. Which technology is appropriate?","LoRaWAN","Zigbee","NFC","NB-IoT","C","NFC enables secure short-range exchange such as access control."
"Big Data and IoT 600","Topic 3: IoT Technologies and Standards","What is the primary purpose of IoT communication protocols?","Create new business goals","Define how devices exchange messages across networks","Measure humidity directly","Replace sensors with software","B","Protocols specify rules for exchanging information."
"Big Data and IoT 600","Topic 3: IoT Technologies and Standards","A tiny sensor sends small messages over a low-power constrained link. What protocol characteristic matters most?","A need for manual form entry","Low overhead and suitability for constrained devices","High video bandwidth only","Large desktop memory use","B","Constrained nodes need efficient communications with limited resources."
"Big Data and IoT 600","Topic 3: IoT Technologies and Standards","Why are standards important in a mixed-vendor IoT deployment?","They force all devices to use identical hardware","They eliminate application testing","They support interoperability between devices and platforms","They make encryption unnecessary","C","Standards help systems from different vendors exchange data consistently."
"Big Data and IoT 600","Topic 3: IoT Technologies and Standards","A standard defines common network communication behavior for connected devices. What does it chiefly enable?","A human-readable password","Reliable connectivity across compatible equipment","A specific organization’s business process","Only the physical shape of the sensor","B","Network standards create compatible communication expectations."
"Big Data and IoT 600","Topic 3: IoT Technologies and Standards","An IoT standard is designed to protect communication and device access. What category is it?","Data serialization format","Sensing technology","Storage architecture","Security standard","D","Security standards address protection of devices data or communication."
"Big Data and IoT 600","Topic 3: IoT Technologies and Standards","A sensor gateway cannot interpret a manufacturer’s proprietary payload. What capability is lacking?","Actuation","Regression","Feature scaling","Interoperability","D","Interoperability requires compatible data and protocol conventions."
"Big Data and IoT 600","Topic 3: IoT Technologies and Standards","A device sends readings as JSON so other systems can parse named fields. What kind of standard concern is JSON addressing?","Authentication identity only","Data format and serialization","Power management only","Physical sensing","B","Serialization defines how structured information is represented for exchange."
"Big Data and IoT 600","Topic 3: IoT Technologies and Standards","A message schema says temperature is numeric and time is an ISO timestamp. What does it promote?","A change to the sensor hardware","Consistent data interpretation across systems","A faster actuator motor","A longer wireless range","B","Shared field types and conventions reduce integration ambiguity."
"Big Data and IoT 600","Topic 3: IoT Technologies and Standards","An IoT platform receives sensor events from multiple producers then routes them to applications. What is its role?","Integration and data exchange between connected components","A character encoding only","A battery technology","A physical actuator","A","IoT platforms connect devices data services and applications."
"Big Data and IoT 600","Topic 3: IoT Technologies and Standards","A smart factory needs millisecond local decisions while still doing later fleet-wide analytics. Which mix is appropriate?","NFC for machine learning","Data lake only with no processing","Cloud only for every control loop","Edge for immediate control and cloud for broader analysis","D","Local and centralized processing serve different latency and scale needs."
"Big Data and IoT 600","Topic 3: IoT Technologies and Standards","A sensor sends repeated measurements with device identifier and timestamp. Why should identification be included?","The receiver can associate each observation with its source and time","It eliminates network latency","It converts the value into an actuator command","It makes the payload encrypted automatically","A","Identifiers and timestamps give context to collected readings."
"Big Data and IoT 600","Topic 3: IoT Technologies and Standards","A smart building uses environmental sensors and cloud models to predict maintenance needs. Which combination is illustrated?","A database index without IoT","Only actuation","Only NFC access","Sensing connectivity and analytics","D","IoT applications combine data acquisition communication and analysis."
"Big Data and IoT 600","Topic 3: IoT Technologies and Standards","Which pairing is correct for data storage technologies?","Both are sensor types","Warehouse for raw binary only and lake for normalized transactions only","Data lake for raw varied data and warehouse for organized structured data","Both are wireless protocols","C","The lake preserves flexible raw data while warehouses organize structured data."
"Big Data and IoT 600","Topic 3: IoT Technologies and Standards","A city deploys many battery-operated sensors. Why is power management a core IoT technology concern?","Devices may need to operate for long periods with limited energy","Cloud data has no storage limit","Sensors cannot measure data while on battery","Power use determines database keys","A","Energy constraints affect communication and device lifetime."
"Big Data and IoT 600","Topic 3: IoT Technologies and Standards","A microcontroller identifies its radio network but cannot decode the application payload. Which standards mismatch is most likely?","Application-level message or data-format incompatibility","Power failure","A wrong sensor calibration only","An invalid user interface label","A","Compatible lower-level connectivity does not ensure compatible application data."
"Big Data and IoT 600","Topic 3: IoT Technologies and Standards","A device sends private health data over an open wireless link without encryption. Which standard concern applies?","Model underfitting","Feature selection","Security and privacy protection","Data lake partitioning only","C","Sensitive IoT transmissions need confidentiality and privacy protections."
"Big Data and IoT 600","Topic 3: IoT Technologies and Standards","An IoT system uses a shared message format but vendors disagree on units for temperature. What remains necessary?","More network bandwidth only","A longer URL","A new actuator","Semantic data standards for consistent meaning","D","Interoperability also depends on shared meanings and units."
"Big Data and IoT 600","Topic 3: IoT Technologies and Standards","A gateway filters readings before cloud transfer. What benefit can this produce?","Guaranteed privacy without security controls","Automatic RFID tagging","Reduced network traffic and faster response to local events","A larger dataset at the device","C","Local filtering avoids transmitting unnecessary raw data."
"Big Data and IoT 600","Topic 3: IoT Technologies and Standards","A product team chooses RFID for inventory tracking instead of NFC. Why is RFID a natural fit?","RFID is commonly used for automatic object identification in supply chains","RFID replaces all network protocols","RFID is only for contactless phone payments","RFID performs machine learning at the edge","A","RFID is a common way to track goods without manually identifying each object."
"Big Data and IoT 600","Topic 3: IoT Technologies and Standards","Which technology is short-range and often used for contactless payments?","LoRaWAN","5G core network","NB-IoT","NFC","D","NFC is designed for near-field communication such as tap payments."
"Big Data and IoT 600","Topic 3: IoT Technologies and Standards","Which protocol choice suits an industrial application that needs high throughput and low latency?","Zigbee only","5G","NFC","Passive RFID","B","The guide highlights 5G for demanding real-time applications."
"Big Data and IoT 600","Topic 3: IoT Technologies and Standards","A company needs sensors to keep operating during a temporary cloud outage. Which design choice helps?","Process critical actions locally at the edge","Send every event to cloud only","Store all decisions in a printed report","Disable the sensors","A","Local edge logic can maintain time-sensitive operation during disconnection."
"Big Data and IoT 600","Topic 3: IoT Technologies and Standards","What is the difference between fog and cloud in the guide’s IoT context?","They are identical terms","Fog distributes processing between edge and cloud while cloud is centralized","Fog is a sensor and cloud is an actuator","Cloud is short-range and fog is a data format","B","Fog occupies a distributed intermediate layer while cloud centralizes compute."
"Big Data and IoT 600","Topic 3: IoT Technologies and Standards","Which data standard issue is most likely when systems disagree on date format?","The actuator loses its motor","The radio frequency changes","The same value may be interpreted differently across platforms","The sensor cannot detect temperature","C","Shared formats prevent inconsistent interpretation of exchanged data."
"Big Data and IoT 600","Topic 3: IoT Technologies and Standards","An analyst is asked to select an IoT technology for remote environmental monitoring. Which criteria should guide the choice?","Only the product color","Only the file name","Range power data rate latency and deployment context","Whether a report uses a footer","C","IoT technologies trade off distance energy throughput and response time."
"Machine Learning 600","Topic 1: Introduction to Machine Learning","A program learns patterns from labeled examples instead of receiving a hand-written rule for every case. What approach is this?","Database normalization","Traditional fixed-rule programming","Manual data entry","Machine learning","D","Machine learning uses data to learn patterns that support predictions or decisions."
"Machine Learning 600","Topic 1: Introduction to Machine Learning","How does machine learning differ from traditional programming?","It can only execute SQL statements","It infers a model from examples rather than relying only on explicitly coded rules","It never uses data","It cannot produce predictions","B","Learning algorithms estimate patterns from examples while traditional programs encode rules directly."
"Machine Learning 600","Topic 1: Introduction to Machine Learning","A model is trained on emails labeled spam or not spam. Which learning type is this?","Transfer-only learning","Supervised learning","Unsupervised learning","Reinforcement learning","B","The examples include known labels for the model to learn from."
"Machine Learning 600","Topic 1: Introduction to Machine Learning","A retailer groups shoppers by purchase behavior without predefined group labels. Which method fits?","Reinforcement learning","Supervised regression","A confusion matrix","Unsupervised learning","D","Unsupervised methods seek structure without target labels."
"Machine Learning 600","Topic 1: Introduction to Machine Learning","A robot receives rewards for reaching a goal and penalties for collisions. What learning framework is being used?","Reinforcement learning","Unsupervised classification","Supervised regression","Feature selection","A","Reinforcement learning learns actions from rewards and penalties."
"Machine Learning 600","Topic 1: Introduction to Machine Learning","A house-price model predicts a numerical sale price. What task is this?","Regression","Binary classification","Association rules","Clustering","A","Regression predicts a continuous numeric outcome."
"Machine Learning 600","Topic 1: Introduction to Machine Learning","A filter labels each email as spam or not spam. What task is this?","Reinforcement learning","Regression","Binary classification","Dimensionality reduction","C","The model predicts one of two discrete labels."
"Machine Learning 600","Topic 1: Introduction to Machine Learning","A model assigns photos to cat dog bird or horse. What classification type is this?","Clustering without labels","Binary classification","Multiclass classification","Linear regression","C","Four possible categories make this a multiclass problem."
"Machine Learning 600","Topic 1: Introduction to Machine Learning","A dataset has inputs such as size and location plus the known sale price. What is the sale price during supervised training?","The target output label","The model hyperplane","A preprocessing scaler","An unobserved feature","A","The known output paired with input features is the training target."
"Machine Learning 600","Topic 1: Introduction to Machine Learning","What does generalization mean for a trained model?","It has zero training time","It performs usefully on previously unseen data","It never requires evaluation","It memorizes every training row exactly","B","A useful model applies learned patterns to new examples."
"Machine Learning 600","Topic 1: Introduction to Machine Learning","A deep model gets near-perfect training performance but poor test performance. What problem is likely?","Data normalization","High bias only","Overfitting","Underfitting","C","The gap between training and unseen results indicates learned noise or excessive fit."
"Machine Learning 600","Topic 1: Introduction to Machine Learning","A straight-line model performs poorly on both training and test sets when the pattern is curved. What is likely?","High variance only","Data leakage","Overfitting","Underfitting","D","A model that is too simple fails to capture the underlying pattern."
"Machine Learning 600","Topic 1: Introduction to Machine Learning","A degree-10 polynomial passes near every noisy training observation but predicts new cases poorly. What explains this?","It has overfit the training noise","It has high bias and underfit","It is a classification model","It has too few features by definition","A","An overly flexible curve can memorize noise and fail to generalize."
"Machine Learning 600","Topic 1: Introduction to Machine Learning","Which change may help a high-bias model that misses a real nonlinear pattern?","Remove all informative features","Use a more expressive model or add useful features","Increase the test set labels","Make the model simpler again","B","High bias can be reduced by allowing the model to capture more structure."
"Machine Learning 600","Topic 1: Introduction to Machine Learning","Which pattern is characteristic of high variance?","Poor performance on training and test data alike","Identical predictions for all inputs","Strong training performance but unstable or weak performance on new data","No dependence on the training sample","C","High-variance models react strongly to training details and generalize poorly."
"Machine Learning 600","Topic 1: Introduction to Machine Learning","What tradeoff does the bias-variance concept describe?","Balancing model simplicity against sensitivity to training data","Balancing HTML labels against CSS","Balancing data collection against storage only","Balancing file size against database keys","A","Model complexity can reduce bias while increasing variance."
"Machine Learning 600","Topic 1: Introduction to Machine Learning","A fraud model flags a transaction as fraud when it is legitimate. Which confusion-matrix outcome is this?","True negative","False positive","False negative","True positive","B","A false positive predicts a positive class for a truly negative case."
"Machine Learning 600","Topic 1: Introduction to Machine Learning","A medical screening model misses a patient who has the disease. What is this outcome?","True positive","True negative","False negative","False positive","C","A false negative is a positive case predicted as negative."
"Machine Learning 600","Topic 1: Introduction to Machine Learning","A spam filter correctly identifies a spam email. Which outcome is this?","True negative","True positive","False positive","False negative","B","The predicted positive spam label matches the actual positive class."
"Machine Learning 600","Topic 1: Introduction to Machine Learning","A model correctly identifies a legitimate transaction as not fraudulent. Which outcome is this?","True positive","True negative","False positive","False negative","B","The predicted negative label matches the actual negative case."
"Machine Learning 600","Topic 1: Introduction to Machine Learning","A dataset is highly imbalanced and a classifier predicts only the majority class. Why might accuracy mislead?","Accuracy only applies to regression","Imbalance makes every prediction correct","A confusion matrix cannot count classes","It can be high while the minority class is never detected","D","Overall accuracy can hide failures on a rare but important class."
"Machine Learning 600","Topic 1: Introduction to Machine Learning","A model has 98 percent accuracy using a customer’s first name to diagnose leukemia. What should concern the analyst?","A name is always a medical measurement","High accuracy proves the model is valid","The feature has no credible relevance and accuracy alone does not establish correctness","The model must be unsupervised","C","A high score is not enough if the feature and reasoning are meaningless."
"Machine Learning 600","Topic 1: Introduction to Machine Learning","What does feature extraction do?","Selects a subset of existing columns without transforming them","Splits data into train and test only","Transforms raw material into numerical representations suitable for a model","Deletes every row with a missing value","C","Extraction converts raw inputs such as text or images into model-ready values."
"Machine Learning 600","Topic 1: Introduction to Machine Learning","What does feature selection do?","Chooses the most relevant features from existing data","Converts every image into a new vector representation","Copies all columns into the test set","Changes a continuous target into a category","A","Selection retains useful inputs while excluding irrelevant or redundant ones."
"Machine Learning 600","Topic 1: Introduction to Machine Learning","A text model converts words into embeddings that encode semantic relationships. What operation is this?","Target encoding only","Model evaluation","Feature extraction","Feature selection","C","Embeddings transform raw words into numerical representations."
"Machine Learning 600","Topic 1: Introduction to Machine Learning","An analyst removes redundant columns that add noise before training. What is the main goal?","Reinforcement learning","Increase training leakage","Feature extraction to store raw images","Feature selection to improve generalization","D","Selecting relevant inputs can reduce noise and overfitting risk."
"Machine Learning 600","Topic 1: Introduction to Machine Learning","Which Python library is designed for multidimensional arrays and numerical computation?","Matplotlib","Flask","NumPy","Pandas","C","NumPy provides arrays and mathematical computing functions."
"Machine Learning 600","Topic 1: Introduction to Machine Learning","Which Python library provides DataFrames for cleaning and manipulating tabular data?","Scikit-learn","NumPy","Matplotlib","Pandas","D","Pandas DataFrames support data cleaning and manipulation."
"Machine Learning 600","Topic 1: Introduction to Machine Learning","Which library provides common machine learning models and tools?","Pandas only","Scikit-learn","NumPy only","Matplotlib","B","Scikit-learn includes estimators and model utilities."
"Machine Learning 600","Topic 1: Introduction to Machine Learning","Which library is commonly used to plot graphs in Python?","SQLite","Scikit-learn","Matplotlib","NumPy","C","Matplotlib supplies plotting functions."
"Machine Learning 600","Topic 1: Introduction to Machine Learning","What is the purpose of a training dataset in supervised learning?","It is used only to draw a chart","It provides known input-output examples from which the model learns","It replaces the need for a target variable","It contains only unlabeled future cases","B","Training examples let the model estimate a mapping from inputs to outputs."
"Machine Learning 600","Topic 1: Introduction to Machine Learning","Why keep a test dataset separate from model fitting?","To estimate performance on unseen examples","To increase the number of training labels artificially","To ensure every result is perfect","To select the target after training","A","Held-out data gives a less biased check of generalization."
"Machine Learning 600","Topic 1: Introduction to Machine Learning","A model is trained on old observations then used on new observations not included during training. What is being tested?","The model’s ability to memorize training values","Whether the database is relational","The number of columns in a DataFrame","Generalization to unseen instances","D","Testing on unobserved cases evaluates transfer beyond the training sample."
"Machine Learning 600","Topic 1: Introduction to Machine Learning","Which is an example of an unsupervised task from the guide?","Finding groups of customers with similar purchasing patterns","Classifying known spam labels","Predicting a labeled house price","Estimating a known target from training pairs","A","Customer grouping can discover patterns without target labels."
"Machine Learning 600","Topic 1: Introduction to Machine Learning","Which scenario is reinforcement learning rather than supervised learning?","An agent tries actions and learns from reward feedback","A model learns from labeled house prices","A scaler maps values to a range","A classifier learns from pretagged emails","A","Reward feedback from interaction with an environment defines reinforcement learning."
"Machine Learning 600","Topic 1: Introduction to Machine Learning","A feature is useful only if it helps represent a signal relevant to the target. Why engineer features carefully?","Models cannot learn from numeric inputs","Feature engineering removes the need for labels","Poor or irrelevant inputs can impair learning and generalization","Every extra feature always increases accuracy","C","Feature design affects the signal available for the model to learn."
"Machine Learning 600","Topic 1: Introduction to Machine Learning","Which step belongs in a basic ML workflow?","Evaluate on test labels before splitting data","Delete target values before supervised training","Load and explore data then train and evaluate a model","Fit a scaler on all future deployment data","C","A workflow inspects data trains with training examples and evaluates held-out results."
"Machine Learning 600","Topic 1: Introduction to Machine Learning","A training set includes every observation from the test set as well. What risk does this create?","It prevents the model from fitting","It guarantees a lower score","The evaluation no longer measures performance on independent unseen cases","It converts regression into clustering","C","Overlap leaks evaluation examples into training and inflates the assessment."
"Machine Learning 600","Topic 1: Introduction to Machine Learning","Why can irrelevant features lead to overfitting?","They ensure the feature space is one-dimensional","They always reduce model complexity","They can let the model fit noise instead of stable relationships","They make labels unnecessary","C","Irrelevant inputs add noise that flexible models may memorize."
"Machine Learning 600","Topic 1: Introduction to Machine Learning","Which answer best summarizes the chapter’s revision point about bias and variance?","Always use the simplest possible model","Choose complexity that captures real patterns without fitting noise","Ignore test performance once training ends","Always maximize training accuracy","B","Good generalization balances underfitting against overfitting."
"Machine Learning 600","Topic 2: Data Preprocessing and Feature Engineering","A spreadsheet has one row per customer and one column per attribute. What data type is this?","Audio data","Unstructured data","Structured data","A reward sequence","C","A fixed tabular schema makes the data structured."
"Machine Learning 600","Topic 2: Data Preprocessing and Feature Engineering","A set of free-form interview recordings has no predefined columns. How should it be classified?","Structured data","Unstructured data","A normalized feature vector","A relational table","B","Audio files lack a fixed row-and-column schema."
"Machine Learning 600","Topic 2: Data Preprocessing and Feature Engineering","A JSON event has named fields but nested values that vary between events. What is it best described as?","Semi-structured data","Unstructured analog data","A one-hot label","Strictly structured data only","A","JSON provides tags while allowing flexible organization."
"Machine Learning 600","Topic 2: Data Preprocessing and Feature Engineering","Why should analysts inspect a dataset before applying a model?","All datasets have identical formats","Inspection is only needed after deployment","Models automatically infer every data defect","Data structure and quality affect the choice of preprocessing and algorithm","D","Understanding the data guides suitable cleaning and modeling choices."
"Machine Learning 600","Topic 2: Data Preprocessing and Feature Engineering","A training table contains repeated copies of some purchases. What cleaning task is needed?","Encode the target twice","Detect and remove duplicates","Increase the number of repeated rows","Apply PCA before checking the data","B","Duplicate records distort frequencies and can bias fitting."
"Machine Learning 600","Topic 2: Data Preprocessing and Feature Engineering","A sensor occasionally fails to report a temperature. What type of issue is present?","A class label","A principal component","An outlier by definition","Missing data","D","A blank measurement is a missing value."
"Machine Learning 600","Topic 2: Data Preprocessing and Feature Engineering","Missingness occurs independently of observed and missing values. Which category describes it?","Missing at random (MAR)","Missing not at random (MNAR)","Missing completely at random (MCAR)","A duplicate observation","C","MCAR means the missingness is unrelated to the data values."
"Machine Learning 600","Topic 2: Data Preprocessing and Feature Engineering","A value is missing more often for patients in an observed age group but not because of the missing value itself. Which category is this?","A standardized feature","Missing at random (MAR)","Missing not at random (MNAR)","Missing completely at random (MCAR)","B","MAR depends on observed information."
"Machine Learning 600","Topic 2: Data Preprocessing and Feature Engineering","A patient’s unreported income is more likely to be missing because the income itself is high. Which category may apply?","Missing at random (MAR)","Missing not at random (MNAR)","Missing completely at random (MCAR)","A duplicate field","B","MNAR means the probability of missingness depends on the unobserved value."
"Machine Learning 600","Topic 2: Data Preprocessing and Feature Engineering","Why can simply deleting every row with a missing value be risky?","It changes nothing about the sample","It may discard useful data or introduce bias","It always improves representativeness","It makes the dataset unstructured","B","Deletion can shrink or skew the sample depending on the missingness process."
"Machine Learning 600","Topic 2: Data Preprocessing and Feature Engineering","A numeric column has a small number of blanks and its distribution is stable. What is a common possible strategy?","Convert the whole dataset to images","Impute missing values using a suitable statistic","Replace every blank with a new class label","Duplicate the complete rows","B","Imputation can preserve observations when chosen with the data context in mind."
"Machine Learning 600","Topic 2: Data Preprocessing and Feature Engineering","A dataset contains several implausible extreme ages. What should an analyst do first?","Scale them before checking their meaning","Delete all extreme values automatically","Treat them as target labels","Investigate whether the values are errors or valid rare cases","D","Outliers should be understood before deciding whether to remove or transform them."
"Machine Learning 600","Topic 2: Data Preprocessing and Feature Engineering","Why can outliers affect some models strongly?","Extreme values can distort parameters or distance calculations","They are never included in training","They automatically become missing values","They always reduce variance","A","Large magnitudes may exert undue influence on model fitting."
"Machine Learning 600","Topic 2: Data Preprocessing and Feature Engineering","A dataset has heights in centimeters and income in millions. What preprocessing can help distance-based learning?","One-hot decoding only","Deleting the target","Data serialization","Feature scaling","D","Scaling prevents large-unit features from dominating distance calculations."
"Machine Learning 600","Topic 2: Data Preprocessing and Feature Engineering","Which algorithms are specifically noted as sensitive to feature scale?","Naive string search","Decision trees and rule tables only","SVM and k-NN","HTML forms and SQL joins","C","Distance and margin calculations can be biased by feature magnitudes."
"Machine Learning 600","Topic 2: Data Preprocessing and Feature Engineering","What does MinMaxScaler commonly do?","Removes every feature with low variance","Centers values to mean zero and unit variance","Converts labels to images","Maps feature values to a bounded range such as zero to one","D","Min-max scaling rescales values relative to their observed minimum and maximum."
"Machine Learning 600","Topic 2: Data Preprocessing and Feature Engineering","What does StandardScaler commonly do?","Centers and scales features using mean and standard deviation","Maps each value to a text label","Sorts features alphabetically","Removes all outliers","A","Standardization produces centered values measured in standard-deviation units."
"Machine Learning 600","Topic 2: Data Preprocessing and Feature Engineering","A feature has values from 0 to 1000 while another ranges from 0 to 1. Why can scaling matter for k-NN?","The algorithm only uses feature names","Scaling changes the class labels","The high-range feature could dominate distance calculations","k-NN ignores all numerical magnitudes","C","Distance is sensitive to scale so large numeric ranges can overwhelm smaller ones."
"Machine Learning 600","Topic 2: Data Preprocessing and Feature Engineering","Which code applies min-max scaling to `data`?","`KNeighborsClassifier().fit_transform(data)`","`MinMaxScaler().fit_transform(data)`","`PCA().score(data)`","`StandardScaler().predict(data)`","B","fit_transform learns scaling parameters and transforms the input."
"Machine Learning 600","Topic 2: Data Preprocessing and Feature Engineering","What is dimensionality reduction?","Deleting all training rows","Reducing the number of input dimensions while retaining useful information","Changing every continuous target into a label","Adding duplicate columns to the dataset","B","Dimensionality reduction simplifies inputs while preserving important structure."
"Machine Learning 600","Topic 2: Data Preprocessing and Feature Engineering","Why can very high dimensionality be a problem?","It guarantees greater interpretability","It always reduces memory use","It removes correlations automatically","It increases computation and can make overfitting more likely","D","Many features raise computational burden and can expose models to noise."
"Machine Learning 600","Topic 2: Data Preprocessing and Feature Engineering","What does PCA produce from original features?","Copies of the original columns in a new order","A list of missing records","New principal components that are linear combinations of the inputs","A new target label for every row","C","PCA creates new axes from combinations of original variables."
"Machine Learning 600","Topic 2: Data Preprocessing and Feature Engineering","What is the first principal component chosen to capture?","The direction with the fewest rows","The target class name","The average of all labels","The direction with the greatest variance","D","PC1 captures the largest share of data variance."
"Machine Learning 600","Topic 2: Data Preprocessing and Feature Engineering","Two sensor measurements are highly correlated and PC1 captures 99.4 percent of variance. What does this suggest?","The data is unstructured","The model has no features","The second component may add little information","Both components must be retained in every case","C","A tiny explained-variance share may mean PC2 contributes little unique information."
"Machine Learning 600","Topic 2: Data Preprocessing and Feature Engineering","Why standardize features before PCA in the guide’s example?","So variables on different scales contribute comparably to variance","So duplicate rows increase","So PCA can create missing values","So the target is converted to a string","A","PCA is affected by feature scale and standardization prevents large units dominating."
"Machine Learning 600","Topic 2: Data Preprocessing and Feature Engineering","A hospital has many correlated measurements and wants fewer inputs while preserving most variation. Which method is relevant?","Random oversampling only","A SQL delete statement","A cookie session","PCA","D","PCA projects correlated high-dimensional data into fewer components."
"Machine Learning 600","Topic 2: Data Preprocessing and Feature Engineering","A model reduces features with PCA. What tradeoff should the analyst assess?","Whether the source table uses a primary key","Whether the file has commas","Whether every component has a human-readable name","Information retained versus lower complexity and interpretability","D","Fewer components can simplify models but may discard some information."
"Machine Learning 600","Topic 2: Data Preprocessing and Feature Engineering","Which Python package is used for `PCA` in the guide’s example?","`pandas.plotting`","`sklearn.decomposition`","`sklearn.tree`","`numpy.sql`","B","Scikit-learn’s decomposition module provides PCA."
"Machine Learning 600","Topic 2: Data Preprocessing and Feature Engineering","Which sequence is appropriate before evaluating a scaled model?","Fit separate unrelated scalers on every single row","Fit the scaler on training data then transform train and test consistently","Fit the scaler on test labels then use it on training data","Scale after looking at test outcomes","B","Learning preprocessing only from training data helps avoid leakage."
"Machine Learning 600","Topic 2: Data Preprocessing and Feature Engineering","What does data leakage mean in model evaluation?","A model has a low training score","A CSV has a quoted field","Information unavailable at prediction time improperly influences training or preprocessing","A dataset uses too many files","C","Leakage gives the model information it should not have during evaluation."
"Machine Learning 600","Topic 2: Data Preprocessing and Feature Engineering","A text column must become numerical before a conventional model can use it. What broad action is needed?","Session storage","Feature extraction or encoding","File deletion","Range validation","B","Text must be represented in numeric form for many ML algorithms."
"Machine Learning 600","Topic 2: Data Preprocessing and Feature Engineering","How does feature extraction differ from feature selection?","They mean exactly the same thing","Extraction only means train-test splitting","Extraction creates transformed representations while selection chooses existing relevant inputs","Selection creates new pixels and extraction deletes columns","C","Extraction transforms raw input and selection chooses from available features."
"Machine Learning 600","Topic 2: Data Preprocessing and Feature Engineering","Which action is feature selection?","Scale every value from zero to one","Keep the variables with strongest relevance and remove redundant inputs","Convert each word to an embedding","Project data onto new principal axes","B","Feature selection chooses a subset of existing features."
"Machine Learning 600","Topic 2: Data Preprocessing and Feature Engineering","Which action is feature extraction?","Remove a correlated column without transforming others","Convert image pixels into edge or texture descriptors","Drop every row with a blank","Split a dataset into training and testing sets","B","Extraction derives a representation from raw image content."
"Machine Learning 600","Topic 2: Data Preprocessing and Feature Engineering","Why can too many irrelevant features hurt generalization?","They always reduce model variance","They make data cleaning unnecessary","They provide noise that a model may fit instead of useful signal","They eliminate the curse of dimensionality","C","Irrelevant dimensions can obscure the useful relationships."
"Machine Learning 600","Topic 2: Data Preprocessing and Feature Engineering","The review asks whether PCA suits a high-dimensional hospital dataset. What should inform the decision?","Whether every patient has the same name","Whether correlated features are redundant and enough variance can be retained","Whether the target is stored as CSV","Whether all model metrics equal one","B","PCA is useful when correlated inputs can be compressed without losing crucial signal."
"Machine Learning 600","Topic 2: Data Preprocessing and Feature Engineering","For an image model with limited compute which PCA benefit is relevant?","Reducing input dimensions can lower computation","It converts the image into a database key","It removes the need for labels","It guarantees a perfect classifier","A","Fewer components can make downstream processing more efficient."
"Machine Learning 600","Topic 2: Data Preprocessing and Feature Engineering","An analyst wants to retain enough components. Which evidence should guide the cutoff?","Explained variance captured by successive components","The number of missing target labels only","The alphabetical order of feature names","The row number of the first example","A","Explained variance indicates how much dataset variation the components preserve."
"Machine Learning 600","Topic 2: Data Preprocessing and Feature Engineering","Why use a train-test split before assessing a preprocessing and modeling pipeline?","It converts unsupervised learning to supervised","It allows a separate estimate on examples not used to fit the model","It removes all missing values automatically","It guarantees the training score is 100 percent","B","Held-out data provides an independent check of the pipeline."
"Machine Learning 600","Topic 2: Data Preprocessing and Feature Engineering","A CSV contains customer name and purchase amount in columns. Which tool from the guide is suited to inspect and summarize it in Python?","A PCA estimator only","Pandas DataFrame","A PHP session","A confusion matrix only","B","Pandas provides DataFrames and summary operations for tabular data."
"Machine Learning 600","Topic 3: Supervised Learning - Regression Algorithms","Each training example has house features X and a known selling price Y. What learning setup is this?","Association analysis","Supervised learning","Reinforcement learning","Unsupervised clustering","B","Supervised training pairs inputs with known outputs."
"Machine Learning 600","Topic 3: Supervised Learning - Regression Algorithms","A model predicts the exact sale value of a house. Which task is it?","Regression","Clustering","Classification","Dimensionality reduction","A","A sale price is a continuous numeric output."
"Machine Learning 600","Topic 3: Supervised Learning - Regression Algorithms","A model predicts whether an applicant will default or not. Which task is this?","Feature extraction","Regression","PCA","Classification","D","The outcome is one of two discrete categories."
"Machine Learning 600","Topic 3: Supervised Learning - Regression Algorithms","What relationship does simple linear regression assume between X and Y?","A straight-line relationship","A categorical class boundary only","No relationship at all","A stepwise tree of rules only","A","Linear regression models change in Y as a linear function of X."
"Machine Learning 600","Topic 3: Supervised Learning - Regression Algorithms","In `y = mX + b` what does m represent?","The intercept at X equal to one","The slope or change in Y for a unit change in X","The number of observations","The error variance","B","The slope describes how the predicted output changes with the input."
"Machine Learning 600","Topic 3: Supervised Learning - Regression Algorithms","In `y = mX + b` what is b?","The maximum observed X","The number of features","The predicted value when X equals zero","The training error","C","The intercept is the model’s predicted output at X equal to zero."
"Machine Learning 600","Topic 3: Supervised Learning - Regression Algorithms","A linear regression house-price model learns `m=0.2` and `b=50` in thousands. What price does it predict for X=100 square metres?","100 thousand","20 thousand","50 thousand","70 thousand","D","Substituting 100 gives 0.2 times 100 plus 50."
"Machine Learning 600","Topic 3: Supervised Learning - Regression Algorithms","What are the model inputs in a supervised regression problem called?","Predictions","Features","Leaves","Residual labels","B","Features are the input variables used to predict the target."
"Machine Learning 600","Topic 3: Supervised Learning - Regression Algorithms","What is the target Y in house price prediction?","The property feature matrix","The known house sale price","The model coefficient only","The train-test split ratio","B","The target is the output value the model learns to predict."
"Machine Learning 600","Topic 3: Supervised Learning - Regression Algorithms","How are linear regression parameters commonly estimated?","By maximizing the number of features","By minimizing prediction error between actual and predicted values","By sorting X alphabetically","By randomizing every target","B","Training adjusts parameters to reduce the discrepancy between predictions and outcomes."
"Machine Learning 600","Topic 3: Supervised Learning - Regression Algorithms","Which assumption is associated with linear regression?","The model uses nearest-neighbor voting","The relationship between predictors and outcome is linear","The data must contain no target","All features must be categorical","B","Linearity is one of the assumptions listed for linear regression."
"Machine Learning 600","Topic 3: Supervised Learning - Regression Algorithms","What does homoscedasticity mean in the linear regression assumptions?","Every error is exactly zero","The error variance is roughly constant across the range","The target is a class label","Inputs are independent of all features","B","Homoscedasticity refers to constant variance of errors."
"Machine Learning 600","Topic 3: Supervised Learning - Regression Algorithms","A residual plot shows error spread increasing as predictions get larger. Which assumption may be violated?","Homoscedasticity","No missing values","Categorical targets","Linear class separation","A","Changing residual variance conflicts with the constant-variance assumption."
"Machine Learning 600","Topic 3: Supervised Learning - Regression Algorithms","Why is independent data important in linear regression assumptions?","It removes the intercept","It makes the model nonlinear","Dependent errors can make the estimated uncertainty unreliable","It guarantees the target is continuous","C","Independence is among assumptions used for reliable regression inference."
"Machine Learning 600","Topic 3: Supervised Learning - Regression Algorithms","A straight line misses a clear curved relationship between floor area and price. Which model family may capture the curve?","Polynomial regression","A constant-only model","A hash table","A binary classifier","A","Polynomial terms can represent curved relationships."
"Machine Learning 600","Topic 3: Supervised Learning - Regression Algorithms","What happens when polynomial degree is increased substantially?","The model becomes more flexible and may overfit","The model is guaranteed to underfit","It removes all input features","It becomes a nearest neighbor classifier","A","Higher-degree terms increase flexibility and can fit training noise."
"Machine Learning 600","Topic 3: Supervised Learning - Regression Algorithms","A degree-2 polynomial pipeline is built with `PolynomialFeatures(degree=2)` followed by `LinearRegression()`. What does the first step do?","Fits the final model to the target","Calculates classification accuracy","Splits the dataset","Creates polynomial feature terms for the linear estimator","D","PolynomialFeatures expands the inputs with powers and interactions."
"Machine Learning 600","Topic 3: Supervised Learning - Regression Algorithms","Why use a pipeline for polynomial regression?","It applies feature expansion and regression in the intended sequence","It converts regression into clustering","It only makes a chart","It prevents fitting any model","A","A pipeline chains feature transformation and estimator steps consistently."
"Machine Learning 600","Topic 3: Supervised Learning - Regression Algorithms","A polynomial fits training data exceptionally well but fails on new houses. What should the analyst suspect?","A wrong output format","Underfitting from too few terms","Missing class labels","Overfitting from an overly high degree","D","Excessive polynomial flexibility can harm generalization."
"Machine Learning 600","Topic 3: Supervised Learning - Regression Algorithms","How should polynomial degree be selected?","Use the number of test rows as the degree","Choose zero without testing","Choose the highest possible degree every time","Balance fit quality against generalization and model complexity","D","Degree selection balances bias and variance."
"Machine Learning 600","Topic 3: Supervised Learning - Regression Algorithms","A tree regressor splits records using feature thresholds. What does each leaf represent?","A terminal region with a prediction often based on average outcomes","A distance metric","A principal component","A linear coefficient","A","Tree leaves represent terminal decisions for observations reaching that region."
"Machine Learning 600","Topic 3: Supervised Learning - Regression Algorithms","How does a decision tree choose a split in regression?","It uses a sigmoid output","It seeks a feature and threshold that reduces prediction error","It maximizes the number of branches only","It chooses the alphabetically first feature","B","Splits are selected to minimize a criterion such as mean squared error."
"Machine Learning 600","Topic 3: Supervised Learning - Regression Algorithms","A regression tree is very deep and memorizes training observations. What risk is present?","Data encoding failure","Underfitting only","No bias at all","Overfitting","D","Deep trees can create high variance by fitting detail and noise."
"Machine Learning 600","Topic 3: Supervised Learning - Regression Algorithms","What is one advantage of decision tree regression?","It always gives a linear equation","It requires standardized features in all cases","It cannot overfit","Its sequence of splits is interpretable","D","The if-then structure can be inspected and visualized."
"Machine Learning 600","Topic 3: Supervised Learning - Regression Algorithms","How may pruning help a decision tree regressor?","Convert leaf averages into labels","Scale the target to text","Add more branches for every training example","Limit complexity and improve generalization","D","Pruning reduces excessive tree growth."
"Machine Learning 600","Topic 3: Supervised Learning - Regression Algorithms","A decision tree leaf contains house prices 200 220 and 240. What is its common regression prediction?","220","200","660","240","A","A leaf prediction is typically the average outcome of its training cases."
"Machine Learning 600","Topic 3: Supervised Learning - Regression Algorithms","Which ensemble approaches build on decision trees to improve performance?","PCA and standardization","Random Forests and Gradient Boosting","NFC and RFID","NumPy and Pandas","B","Ensemble methods combine trees to improve accuracy or reduce variance."
"Machine Learning 600","Topic 3: Supervised Learning - Regression Algorithms","Why are decision trees sensitive to small data changes?","They use no features","They require a fixed straight line","Their outputs are always continuous","Small changes can alter the selected splits and resulting structure","D","Tree split choices can shift when training observations change."
"Machine Learning 600","Topic 3: Supervised Learning - Regression Algorithms","What is an appropriate use of regression?","Identify a device by RFID","Group shoppers without labels","Forecast next month’s sales revenue as a numeric amount","Label each email spam or legitimate","C","Sales revenue is a continuous numerical quantity."
"Machine Learning 600","Topic 3: Supervised Learning - Regression Algorithms","A model is evaluated on test data after fitting on training data. What does a large train-test error gap suggest?","The target must be categorical","The intercept is zero","The fitted model may not generalize well","The test data is structured","C","A gap can signal overfitting or a mismatch between training and unseen examples."
"Machine Learning 600","Topic 3: Supervised Learning - Regression Algorithms","In a house price example why might square footage be a useful feature?","It is always a class label","It may carry information about the continuous sale price","It is the predicted price itself","It guarantees linearity","B","Square footage can help explain or predict price variation."
"Machine Learning 600","Topic 3: Supervised Learning - Regression Algorithms","The model `DecisionTreeRegressor()` is trained with `.fit(X, y)`. What does X usually contain?","Test-set accuracy values","Input features for training examples","Only the predicted outputs","The final chart labels","B","X conventionally represents the model input matrix."
"Machine Learning 600","Topic 3: Supervised Learning - Regression Algorithms","After training a regressor what does `.predict(new_house)` return?","A set of training labels only","A list of decision thresholds only","A predicted continuous price for the new feature values","The model’s intercept and slope","C","predict maps new feature rows to estimated numeric outputs."
"Machine Learning 600","Topic 3: Supervised Learning - Regression Algorithms","What is an error or residual in regression?","A feature name","A database key","The difference between an observed target and its prediction","A class probability","C","Residuals measure prediction discrepancies for observed cases."
"Machine Learning 600","Topic 3: Supervised Learning - Regression Algorithms","Which approach is most suitable when the target is continuous but the relationship bends smoothly?","Polynomial regression with a carefully chosen degree","One-hot encoding of the price","A confusion matrix alone","Logistic classification only","A","Polynomial regression can model nonlinear curves while degree control limits overfit."
"Machine Learning 600","Topic 3: Supervised Learning - Regression Algorithms","Which approach is most suitable when the target is continuous and rule-like thresholds matter?","A spam classifier","Decision tree regression","A data lake","An unsupervised cluster label","B","A regression tree creates threshold-based regions with numeric predictions."
"Machine Learning 600","Topic 3: Supervised Learning - Regression Algorithms","Why are labeled data quality and model choice important in supervised regression?","Regression does not use examples","Only the number of features determines correctness","The model learns its mapping and errors directly from those examples","Quality matters only when plotting results","C","The learned function depends on representative inputs and reliable target values."
"Machine Learning 600","Topic 3: Supervised Learning - Regression Algorithms","A house price model uses square footage but omits neighborhood despite location strongly affecting price. What is the likely concern?","An important explanatory feature may be missing","The data is unsupervised","The algorithm has too many target variables","The model cannot have an intercept","A","Omitting relevant predictors can limit fit and make estimates systematically inaccurate."
"Machine Learning 600","Topic 3: Supervised Learning - Regression Algorithms","A linear model has poor training fit while a high-degree polynomial has poor test fit. What does this contrast suggest?","The linear model underfits while the polynomial model overfits","The target is categorical","Both are correctly specified","The linear model overfits and the polynomial underfits","A","The simple model misses structure and the very flexible model captures noise."
"Machine Learning 600","Topic 3: Supervised Learning - Regression Algorithms","Which review-aligned workflow predicts a house price using the guide’s methods?","Prepare X and y then fit a regressor and predict a new house value","Fit a classifier to predict a continuous value as text","Choose a tree without supplying training data","Use PCA as the only prediction step","A","A supervised workflow learns from feature-target examples before predicting new cases."
"Machine Learning 600","Topic 4: Supervised Learning - Classification Algorithms","A classifier maps input features to a category such as fraud or legitimate. What kind of learning is this?","Data normalization","Unsupervised regression","Reinforcement learning without rewards","Supervised classification","D","Classification learns from labeled examples to predict discrete categories."
"Machine Learning 600","Topic 4: Supervised Learning - Classification Algorithms","How does classification differ from regression?","Classification predicts numbers and regression predicts categories","They are the same algorithm","Regression requires no target","Classification predicts discrete labels while regression predicts continuous values","D","The target type distinguishes categorical classification from numeric regression."
"Machine Learning 600","Topic 4: Supervised Learning - Classification Algorithms","A linear classifier separates two groups with a boundary in feature space. What is that boundary called?","Principal component","Regression residual","Confusion matrix","Decision boundary","D","A decision boundary separates predicted classes."
"Machine Learning 600","Topic 4: Supervised Learning - Classification Algorithms","What does logistic regression output for a binary class?","A cluster identifier with no labels","A continuous house price only","An unsorted list of neighbors","A probability of belonging to a class","D","Logistic regression estimates class probability."
"Machine Learning 600","Topic 4: Supervised Learning - Classification Algorithms","A clinic needs an interpretable baseline for binary diagnosis prediction. Which method from the chapter is a reasonable candidate?","A data lake","A file iterator","PCA alone","Logistic regression","D","Logistic regression is a common interpretable binary classification baseline."
"Machine Learning 600","Topic 4: Supervised Learning - Classification Algorithms","Which function maps a score to a probability between zero and one?","Sigmoid function","Euclidean distance","MinMaxScaler","Mean squared error","A","The logistic sigmoid converts linear scores into probabilities."
"Machine Learning 600","Topic 4: Supervised Learning - Classification Algorithms","A probability is 0.82 and the classification threshold is 0.5. What is the predicted class under the usual rule?","Negative class","No class can be assigned","Regression residual","Positive class","D","A probability above the threshold is assigned to the positive class."
"Machine Learning 600","Topic 4: Supervised Learning - Classification Algorithms","A fraud model should catch as many actual fraud cases as possible. Which metric is especially relevant?","Mean squared error","Specificity only","R-squared","Recall","D","Recall measures the proportion of actual positives identified."
"Machine Learning 600","Topic 4: Supervised Learning - Classification Algorithms","A spam filter should avoid wrongly labeling legitimate mail as spam. Which metric is especially relevant?","Mean absolute error","Recall only","Precision","Explained variance","C","Precision measures how many predicted positives are truly positive."
"Machine Learning 600","Topic 4: Supervised Learning - Classification Algorithms","What does F1-score combine?","Precision and recall","Accuracy and regression slope","Training time and memory only","Bias and feature range","A","F1 is a harmonic combination of precision and recall."
"Machine Learning 600","Topic 4: Supervised Learning - Classification Algorithms","What does a confusion matrix summarize?","A sequence of gradient updates","The values of each feature before scaling","The contents of a database index","Counts of true and false predictions across classes","D","The matrix tabulates predicted versus actual class outcomes."
"Machine Learning 600","Topic 4: Supervised Learning - Classification Algorithms","A medical screening model has many false negatives. What is the practical interpretation?","It correctly identifies all negatives","It misses many people who actually have the condition","It predicts only continuous values","It falsely alarms many healthy people","B","False negatives are real positive cases classified as negative."
"Machine Learning 600","Topic 4: Supervised Learning - Classification Algorithms","A model flags 90 cases as positive and 60 are truly positive. What is precision?","60 divided by 90","60 divided by all actual positives","90 divided by all negatives","30 divided by all cases","A","Precision uses true positives over predicted positives."
"Machine Learning 600","Topic 4: Supervised Learning - Classification Algorithms","A model identifies 60 of 80 actual positive cases. What is recall?","80 divided by total negatives","60 divided by all predicted positives","20 divided by all predicted negatives","60 divided by 80","D","Recall uses true positives over actual positives."
"Machine Learning 600","Topic 4: Supervised Learning - Classification Algorithms","Why can accuracy be inadequate for a rare disease classifier?","Rare labels are always removed before scoring","A majority-class prediction can score well while missing nearly every case","Accuracy only works with two columns","Accuracy measures regression slope","B","Class imbalance can hide poor minority-class performance."
"Machine Learning 600","Topic 4: Supervised Learning - Classification Algorithms","What does an ROC curve compare across classification thresholds?","True-positive rate against false-positive rate","Feature magnitude against training time","Precision against number of rows only","Predicted price against actual price","A","ROC visualizes the tradeoff between sensitivity and false alarm rate."
"Machine Learning 600","Topic 4: Supervised Learning - Classification Algorithms","In k-NN what determines the predicted class for a new point?","The first feature alphabetically","The mean of every target in the dataset","The deepest tree leaf","The majority class among its k nearest training examples","D","k-NN assigns the class most common among nearby labeled points."
"Machine Learning 600","Topic 4: Supervised Learning - Classification Algorithms","What does k represent in k-NN?","The number of class labels in every dataset","The number of model epochs","The number of nearby training points considered","The number of features removed","C","k specifies how many neighbors vote."
"Machine Learning 600","Topic 4: Supervised Learning - Classification Algorithms","How does k-NN commonly measure closeness?","Euclidean distance","Mean squared error between class names","A database foreign key","A sigmoid probability only","A","Euclidean distance is a common metric for nearest neighbors."
"Machine Learning 600","Topic 4: Supervised Learning - Classification Algorithms","Why is k-NN called a lazy learning method?","It removes every training point","It makes predictions without comparing data","It trains a deep network in advance","It stores examples and performs most computation when predicting","D","k-NN defers computation until it must search for neighbors."
"Machine Learning 600","Topic 4: Supervised Learning - Classification Algorithms","A k-NN classifier uses k=1 and the closest point has label B. What label does the new point receive?","A numeric average of labels","No prediction until retraining","The most common label in all data regardless of distance","B","D","With one neighbor the prediction copies the closest example’s class."
"Machine Learning 600","Topic 4: Supervised Learning - Classification Algorithms","A k-NN model performs poorly with thousands of weak features. Which challenge may explain this?","Too few possible labels","The curse of dimensionality","An invalid cookie","A missing intercept","B","High dimensions make meaningful neighbor distances harder to distinguish."
"Machine Learning 600","Topic 4: Supervised Learning - Classification Algorithms","What effect can feature scaling have on k-NN?","It eliminates the need to choose k","It prevents large-unit features from dominating distances","It converts labels to continuous values","It sorts examples by class","B","Scaling makes distances more balanced across features."
"Machine Learning 600","Topic 4: Supervised Learning - Classification Algorithms","An SVM is trained on two classes. What does it seek?","A nearest neighbor for each feature","A hyperplane with the largest margin between classes","A curve through every training point","A tree leaf with average price","B","SVM aims to maximize separation margin."
"Machine Learning 600","Topic 4: Supervised Learning - Classification Algorithms","What are support vectors?","The principal components with least variance","All points that are correctly classified with certainty","The model’s class names","Training points closest to the decision boundary","D","Support vectors determine the margin because they lie near the boundary."
"Machine Learning 600","Topic 4: Supervised Learning - Classification Algorithms","Data classes are not separable by a straight line. Which SVM technique can help?","A confusion matrix","A data warehouse","A kernel such as the RBF kernel","A larger CSV header","C","Kernels map data to a space where nonlinear separation can be possible."
"Machine Learning 600","Topic 4: Supervised Learning - Classification Algorithms","An SVM uses `SVC(kernel=""rbf"")`. What does `rbf` indicate?","A nearest-neighbor count","A regression target named rbf","A radial-basis kernel for nonlinear classification","A scaling method","C","The RBF kernel supports nonlinear decision boundaries."
"Machine Learning 600","Topic 4: Supervised Learning - Classification Algorithms","Why are SVMs useful in high-dimensional feature spaces?","They output only continuous prices","They ignore all support vectors","They require only one numeric feature","They can find margin-based boundaries in many dimensions","D","SVMs are particularly effective for high-dimensional classification problems."
"Machine Learning 600","Topic 4: Supervised Learning - Classification Algorithms","A text classification problem has many word features and labeled categories. Which model is highlighted as a suitable use case?","A range check","A data lake","Support Vector Machine","A recursive linked list","C","SVMs are commonly applied to text classification."
"Machine Learning 600","Topic 4: Supervised Learning - Classification Algorithms","What is one difference between logistic regression and k-NN?","k-NN uses a sigmoid and logistic regression stores all samples","Neither uses labeled data","Both use only neighbor voting","Logistic regression models class probability while k-NN votes by nearby examples","D","The algorithms learn and predict in different ways."
"Machine Learning 600","Topic 4: Supervised Learning - Classification Algorithms","Which model creates a series of if/else questions for classification?","PCA","Linear regression","StandardScaler","Decision tree classifier","D","Decision trees divide cases through feature-based rules."
"Machine Learning 600","Topic 4: Supervised Learning - Classification Algorithms","Why might an ensemble such as Random Forest outperform a single tree?","It removes all labels","It guarantees no errors","Combining trees can improve performance and reduce variance","It turns categories into continuous targets","C","Ensembles aggregate multiple trees to improve robustness."
"Machine Learning 600","Topic 4: Supervised Learning - Classification Algorithms","A notebook uses `X_train, X_test, y_train, y_test = train_test_split(X, y, test_size=0.2)`. What is held out?","Twenty percent for training and none for testing","All target labels","Twenty percent of examples for testing","Only the feature names","C","test_size 0.2 reserves a fifth of the examples for evaluation."
"Machine Learning 600","Topic 4: Supervised Learning - Classification Algorithms","After fitting a classifier why evaluate it on held-out data?","To increase the number of training examples after scoring","To estimate how well it predicts unseen examples","To avoid learning a decision boundary","To guarantee class balance","B","A separate test set checks generalization beyond training."
"Machine Learning 600","Topic 4: Supervised Learning - Classification Algorithms","When false alarms are costly which classification concern deserves close review?","Only training accuracy","PCA explained variance only","False positives and precision","Regression slope","C","False positives are incorrect alarms and lower precision."
"Machine Learning 600","Topic 4: Supervised Learning - Classification Algorithms","When missed positive cases are costly which metric should receive emphasis?","Only precision","Recall","R-squared","Mean squared error","B","High recall reduces the share of actual positives that go undetected."
"Machine Learning 600","Topic 4: Supervised Learning - Classification Algorithms","A classifier has high accuracy but low recall for fraud. What does this suggest?","Its regression target is wrong","It misses many fraud cases despite a strong overall score","It has no decision boundary","Every fraud case is detected","B","The metric profile shows majority performance masking missed positive cases."
"Machine Learning 600","Topic 4: Supervised Learning - Classification Algorithms","Which Python class in the guide trains a logistic classifier?","`LogisticRegression`","`PCA`","`DecisionTreeRegressor`","`StandardScaler`","A","Scikit-learn’s LogisticRegression estimator implements logistic classification."
"Machine Learning 600","Topic 4: Supervised Learning - Classification Algorithms","Which Python class in the guide trains an SVM classifier?","`KNeighborsRegressor`","`LinearRegression`","`SVC`","`MinMaxScaler`","C","SVC is the scikit-learn support vector classification estimator."
"Machine Learning 600","Topic 4: Supervised Learning - Classification Algorithms","A model separates iris species into three known classes. Which formulation applies?","Regression","Unsupervised clustering only","Binary classification only","Multiclass classification","D","Three discrete labels make the task multiclass classification."
"Internet Programming 622","Topic 1: PHP and HTML Forms","Which HTML element marks the beginning of a web form?","`<input>`","`<form>`","`<script>`","`<table>`","B","The form element encloses controls that submit user input."
"Internet Programming 622","Topic 1: PHP and HTML Forms","In `<form action=""save.php"" method=""post"">` what does `action` specify?","The destination script that receives submitted data","The name of the submit button","The visual style for the form","The maximum input length","A","action names the URL that handles the form submission."
"Internet Programming 622","Topic 1: PHP and HTML Forms","What does the `method` attribute in a form control?","Which input is required","Which database stores the form","How the browser sends form data such as GET or POST","Which stylesheet colors the page","C","method selects the HTTP submission method."
"Internet Programming 622","Topic 1: PHP and HTML Forms","Which PHP array receives fields from a form submitted with GET?","`$_POST`","`$_SESSION`","`$_GET`","`$_FILES`","C","GET form values are available through the $_GET superglobal."
"Internet Programming 622","Topic 1: PHP and HTML Forms","Which PHP array receives fields from a form submitted with POST?","`$GLOBALS`","`$_COOKIE`","`$_POST`","`$_GET`","C","POST form values are available through the $_POST superglobal."
"Internet Programming 622","Topic 1: PHP and HTML Forms","A script needs to read a field named `emailAddress` sent by POST. Which expression is appropriate?","`$_SESSION[""emailAddress""]`","`$_GET[""submit""]`","`$_POST[""emailAddress""]`","`$_FILES[""emailAddress""]`","C","The POST superglobal indexes submitted fields by their name attribute."
"Internet Programming 622","Topic 1: PHP and HTML Forms","Why is a `name` attribute required on a form control?","It supplies the key used for its submitted value","It validates the field automatically","It defines the input type","It selects the page title","A","The form field name becomes the key in the request data."
"Internet Programming 622","Topic 1: PHP and HTML Forms","A form uses GET. Where can submitted values commonly appear?","Only in a PHP session","In the HTML comment","Only in the server error log","In the URL query string","D","GET encodes submitted values in the request URL."
"Internet Programming 622","Topic 1: PHP and HTML Forms","A registration form sends a password. Which method is generally more appropriate than GET?","HEAD","TRACE","POST","GET","C","POST avoids placing the submitted value in the URL query string."
"Internet Programming 622","Topic 1: PHP and HTML Forms","Which control lets a user choose exactly one of several options in a group?","Radio buttons sharing the same name","A submit button","A text area","Independent checkboxes with different names","A","Radio controls with the same name form one mutually exclusive choice."
"Internet Programming 622","Topic 1: PHP and HTML Forms","Which control is suitable when a user may select several programming languages?","A reset button","A single radio group only","A multi-select list or checkbox group","A password input","C","A multi-select control permits multiple submitted choices."
"Internet Programming 622","Topic 1: PHP and HTML Forms","What happens if a checkbox is left unchecked when a form is submitted?","Its name is always sent with an empty value","It sends the word false automatically","The entire form is discarded","Its field is usually omitted from the request","D","An unchecked checkbox is not submitted so its key may not exist."
"Internet Programming 622","Topic 1: PHP and HTML Forms","What happens to an empty text input when submitted?","It sends the default password","Its field name is sent with an empty value","It creates a session automatically","Its key is always omitted","B","The guide states that an empty text field sends a name with an empty value."
"Internet Programming 622","Topic 1: PHP and HTML Forms","What happens when no radio option is selected?","The browser sends null as a string","The first option is always sent","All radio values are sent","No field value is sent for that radio group","D","No selected radio option means the group contributes no submitted value."
"Internet Programming 622","Topic 1: PHP and HTML Forms","Why can `$_POST[""gender""]` cause a PHP notice?","Every radio input sends every option","The key may be absent when no radio option was selected","PHP does not support strings as keys","The POST array is read-only","B","Accessing an absent request key can raise an undefined-index notice."
"Internet Programming 622","Topic 1: PHP and HTML Forms","Which check tests whether a request key exists?","`empty($_POST)`","`session_destroy()`","`isset($_POST[""name""])`","`echo $_POST[""name""]`","C","isset checks whether the named key exists and is not null."
"Internet Programming 622","Topic 1: PHP and HTML Forms","Which check is useful to determine that a required field has no meaningful value?","`empty($value)`","`setcookie($value)`","`isset($value)` only","`htmlspecialchars($value)`","A","empty identifies values such as an empty string that do not satisfy a required field."
"Internet Programming 622","Topic 1: PHP and HTML Forms","Which PHP function converts special HTML characters to entities before display?","`password_verify()`","`htmlspecialchars()`","`session_start()`","`filter_var()`","B","htmlspecialchars prevents submitted markup from being interpreted as executable HTML."
"Internet Programming 622","Topic 1: PHP and HTML Forms","A user submits `<script>alert(1)</script>` and the page echoes it unescaped. What vulnerability may result?","SQL normalization","Session fixation only","Cross-site scripting (XSS)","A directory traversal error","C","Unescaped user content may execute as script in another visitor’s browser."
"Internet Programming 622","Topic 1: PHP and HTML Forms","Which pattern correctly sanitizes a submitted first name for HTML display?","`htmlspecialchars($_POST[""firstName""])`","`session_destroy($_POST[""firstName""])`","`echo $_POST[""firstName""]`","`$_GET[""firstName""] = $_POST[""firstName""]`","A","htmlspecialchars encodes special characters before user input is placed in HTML."
"Internet Programming 622","Topic 1: PHP and HTML Forms","Which PHP function can validate that a value is an email address?","`session_id($email)`","`htmlspecialchars($email)`","`fopen($email)`","`filter_var($email, FILTER_VALIDATE_EMAIL)`","D","filter_var with the email validation filter checks email format."
"Internet Programming 622","Topic 1: PHP and HTML Forms","Why must server-side validation still run when an HTML5 field uses `type=""email""`?","PHP cannot read form fields","HTML5 never checks email syntax","Browsers do not submit text values","A client can bypass browser checks and send crafted requests","D","Client-side validation improves convenience but does not make input trustworthy."
"Internet Programming 622","Topic 1: PHP and HTML Forms","A form requires name and email and age from 18 to 60. Which plan best follows the review task?","Store the raw fields as trusted HTML","Display all inputs without checking them","Only check whether the submit button was clicked","Check required fields then validate email format and numeric age range","D","The review exercise combines presence checks with format and range validation."
"Internet Programming 622","Topic 1: PHP and HTML Forms","A login form should store password hashes. Which function creates a secure password hash in the review exercise?","`htmlspecialchars()`","`filter_var()`","`password_hash()`","`password_verify()`","C","password_hash creates a password hash suitable for storage."
"Internet Programming 622","Topic 1: PHP and HTML Forms","Which function checks a submitted password against a stored hash?","`password_verify()`","`setcookie()`","`password_hash()`","`isset()`","A","password_verify compares a candidate password with its saved hash."
"Internet Programming 622","Topic 1: PHP and HTML Forms","How can a database login form reduce SQL injection risk?","Hide the submit button","Concatenate raw form strings into SQL","Escape output with CSS only","Use prepared statements with parameterized values","D","Prepared statements separate SQL code from user-supplied values."
"Internet Programming 622","Topic 1: PHP and HTML Forms","A PHP form prints submitted content back in a page. What should happen before display?","Validate or sanitize the user input","Store the value in a hidden field only","Convert it to a cookie without validation","Trust the input because it came from a form","A","Untrusted request values should be checked and safely encoded before display."
"Internet Programming 622","Topic 1: PHP and HTML Forms","How should a file upload exercise restrict accepted image types?","Trust the browser file picker label","Use the file name as a password","Allow only the specified extensions and verify the upload","Accept every file then rename it `.jpg`","C","The review task explicitly limits accepted uploads to selected image extensions."
"Internet Programming 622","Topic 1: PHP and HTML Forms","A file upload must be at most 2 MB. What check should the handler apply?","Compare the uploaded file size to the maximum allowed size","Check whether the file name has two characters","Check the browser window width","Compare the image color","A","The exercise requires a server-side size limit of 2 MB."
"Internet Programming 622","Topic 1: PHP and HTML Forms","Where should an accepted uploaded image be moved in the review exercise?","To the PHP source file itself","To the session ID","To the browser URL bar","To the `uploads/` directory","D","The upload task specifies storing the file in an uploads directory."
"Internet Programming 622","Topic 1: PHP and HTML Forms","What does `action=""form_handler.php""` connect in a form workflow?","A session to a cookie","A database table to a primary key","The PHP script to the CSS file","The HTML form submission to the PHP processing script","D","The action target receives and processes the submitted form fields."
"Internet Programming 622","Topic 1: PHP and HTML Forms","A multi-select control submits selected languages. Why must PHP account for multiple values?","It always sends exactly one value","The field can arrive as an array of selected values","It cannot be processed by PHP","It sends a database connection","B","Multiple selection represents multiple submitted choices."
"Internet Programming 622","Topic 1: PHP and HTML Forms","Why should a form redisplay previously entered values after a validation error?","It makes the password public","It lets users correct errors without re-entering valid information","It disables validation","It turns POST into GET","B","Prefilling valid values reduces user effort after a failed submission."
"Internet Programming 622","Topic 1: PHP and HTML Forms","Which behavior is useful for showing a required field that needs correction?","Silently discard the entire form","Redirect without explanation","Show the submitted password in plain text","Display a clear error and highlight the missing field","D","The guide’s generated form marks missing fields and explains the problem."
"Internet Programming 622","Topic 1: PHP and HTML Forms","Which input control is designed to clear current form entries?","Hidden field","Submit button","Reset button","Radio button","C","A reset control restores form controls to their initial values."
"Internet Programming 622","Topic 1: PHP and HTML Forms","A field is `type=""password""`. What does that primarily change?","The value is automatically hashed","The value is encrypted before reaching the server","The field is excluded from submission","The browser masks the characters visually","D","Password type obscures display but does not by itself secure server handling."
"Internet Programming 622","Topic 1: PHP and HTML Forms","A public form accepts an age. Which is the strongest validation plan?","Use CSS to hide invalid ages","Check only that the input element exists","Trust that the user typed digits","Check that it is present numeric and within the allowed range on the server","D","Server validation should enforce presence type and business-range rules."
"Internet Programming 622","Topic 1: PHP and HTML Forms","A form handler receives `$_GET` and `$_POST` data through `$_REQUEST`. Why might relying on that be ambiguous?","It is a database query result","It contains only POST data","It combines values from multiple request sources including cookies","It always sanitizes values","C","The combined superglobal can blur which source supplied a value."
"Internet Programming 622","Topic 1: PHP and HTML Forms","Why should a page never redisplay a submitted password in clear text?","It exposes a sensitive credential to anyone who can view the page","It causes an input mask to fail","It makes the password longer","It prevents the form from submitting","A","Displaying passwords can compromise user security."
"Internet Programming 622","Topic 1: PHP and HTML Forms","A form has no selected value in its multi-select box. What should PHP expect?","A blank checkbox array is guaranteed","The field may be absent from the request array","The browser always sends every option","The server creates a default session","B","An empty multi-select sends no selected values and may omit the field."
"Internet Programming 622","Topic 2: Session Controls and Cookies","Why does a web application need a state mechanism across requests?","HTTP stores every PHP variable forever","HTTP requests are independent and do not automatically retain prior script variables","Cookies make HTTP stateful by default","Browsers cannot send form data","B","HTTP is stateless so related interactions need an explicit state mechanism."
"Internet Programming 622","Topic 2: Session Controls and Cookies","A shopping cart must remember items across several page views. What capability is needed?","A report footer","A one-time local variable only","A new database schema for every page","State persistence between requests","D","The cart needs to preserve related data after each request finishes."
"Internet Programming 622","Topic 2: Session Controls and Cookies","What is a cookie?","A password hash stored in server memory","A PHP variable that exists only during one function call","A row in a relational database by definition","A small piece of data stored by the browser and returned on later requests","D","A cookie travels from server to client and back with subsequent requests."
"Internet Programming 622","Topic 2: Session Controls and Cookies","Where is a cookie’s value primarily stored?","Only in PHP process memory","In the SQL query plan","In the client browser","In an HTML comment","C","Cookies are stored by the client and sent back with matching requests."
"Internet Programming 622","Topic 2: Session Controls and Cookies","A site stores a preferred background color for a week. Which mechanism fits?","An unpersisted function parameter","A local variable only","A cookie with an expiration time","A database connection handle","C","A cookie can preserve a preference across later visits until it expires."
"Internet Programming 622","Topic 2: Session Controls and Cookies","A user disables browser cookies. What concern does that create?","The HTTP protocol stops being stateless","All form fields become readonly","A cookie-dependent state mechanism may stop working","The server can no longer run PHP","C","The guide warns that users may disable cookies so applications need alternatives."
"Internet Programming 622","Topic 2: Session Controls and Cookies","What does PHP’s `setcookie()` function do?","Sends instructions to set a cookie in the browser","Deletes every session variable","Starts a server-side session store","Validates an email address","A","setcookie asks the browser to save a cookie for later requests."
"Internet Programming 622","Topic 2: Session Controls and Cookies","Why must a cookie be set before page output is sent?","The response header must be sent before the body","PHP sessions require a printed header","The cookie is an HTML paragraph","The browser only reads cookies inside a table","A","Cookies are transmitted through HTTP headers."
"Internet Programming 622","Topic 2: Session Controls and Cookies","How can a cookie be deleted in a browser-based flow?","Change the cookie’s label in HTML","Call `session_id()` with an empty string","Remove a PHP variable only","Send the same cookie name with an expiration time in the past","D","An expired cookie tells the browser to remove the stored value."
"Internet Programming 622","Topic 2: Session Controls and Cookies","What is a PHP session designed to preserve?","Server-side variables across multiple page requests","A CSS stylesheet between visitors","Only a URL’s query parameters","The full contents of every browser tab","A","Sessions provide persistent server-side variables across pages."
"Internet Programming 622","Topic 2: Session Controls and Cookies","Which function starts or resumes a PHP session?","`session_start()`","`setcookie()`","`session_destroy()`","`filter_var()`","A","session_start loads the current session and its registered values."
"Internet Programming 622","Topic 2: Session Controls and Cookies","Where does PHP store a session variable named hits?","`$GLOBALS[""PHPSESSID""]`","`$_SESSION[""hits""]`","`$_FILES[""hits""]`","`$_GET[""hits""]`","B","The $_SESSION associative array stores session variables."
"Internet Programming 622","Topic 2: Session Controls and Cookies","What is the default cookie name for a PHP session ID in the guide?","`PHPSESSIONDATA`","`PHPSESSID`","`SESSION_START`","`PHPUSER`","B","PHP uses PHPSESSID by default to carry the session identifier."
"Internet Programming 622","Topic 2: Session Controls and Cookies","What does a session ID do?","Stores the entire session data in the URL by default","Names the current PHP function","Encrypts every page automatically","Identifies the session data store associated with the browser","D","The ID lets PHP find the server-side state linked to a visitor."
"Internet Programming 622","Topic 2: Session Controls and Cookies","Where is session data generally kept compared with cookie data?","Both are always embedded in the URL","Both are always stored only in the browser","Session data is stored in HTML source","Session data is server-side while cookie values are browser-side","D","Sessions keep application data in a server-side store."
"Internet Programming 622","Topic 2: Session Controls and Cookies","Why are sessions often preferable for larger or more sensitive state?","They are guaranteed to persist forever","The data remains server-side while the client usually carries an identifier","They prevent all attacks automatically","They never require an identifier","B","Server-side storage avoids putting the full state value in the client cookie."
"Internet Programming 622","Topic 2: Session Controls and Cookies","What happens when `session_destroy()` is called?","The browser closes the page","The PHP script is deleted","All cookies on the browser are erased","The session data store is removed","D","session_destroy removes the server-side session data store."
"Internet Programming 622","Topic 2: Session Controls and Cookies","After `session_destroy()` what may remain in the browser?","A new database table","The session ID cookie","The PHP source code","All session variables on the server","B","The guide notes that destroying session data does not itself remove the cookie."
"Internet Programming 622","Topic 2: Session Controls and Cookies","A user logs out. Which sequence best matches a session logout?","Change the query string only","Set a year-long session cookie and leave data intact","Start or access the session then destroy its stored state and redirect","Print the password then close the browser","C","Logout should remove session state and return the user to the login page."
"Internet Programming 622","Topic 2: Session Controls and Cookies","Why call `session_start()` before using `$_SESSION`?","It validates every form field","It writes an HTML form automatically","It loads or creates the session context for the current request","It destroys previous session data","C","The function initializes the session and populates the session array."
"Internet Programming 622","Topic 2: Session Controls and Cookies","A three-step registration form must retain personal info while navigating between steps. What is a natural mechanism?","Store the values in session variables","Use local variables that disappear after each request","Place passwords in a public URL","Use only a submit button value","A","Sessions preserve related values while separate pages are requested."
"Internet Programming 622","Topic 2: Session Controls and Cookies","A site needs to remember a shopping cart between pages during a visit. Which approach is appropriate?","A session variable containing the cart state","A page footer","A single local variable in one PHP request","A CSS class","A","Session state can hold an array of cart items across requests."
"Internet Programming 622","Topic 2: Session Controls and Cookies","When cookies are unavailable how can PHP sessions pass the session ID according to the guide?","Inside every image pixel","Through CSS selectors","Only by restarting the server","Through URLs or form fields","D","The guide describes URL rewriting and form fields as alternatives."
"Internet Programming 622","Topic 2: Session Controls and Cookies","Why is passing a session ID through every form field cumbersome?","It stops PHP from reading the URL","Each navigation step must be a form submission","It automatically encrypts session data","It removes every cookie","B","The guide notes that form-field propagation makes ordinary links impractical."
"Internet Programming 622","Topic 2: Session Controls and Cookies","What tradeoff can arise when PHP rewrites pages to add a session ID to relative URLs?","The session data moves into a database automatically","The server must parse and rewrite pages which costs performance","The browser cannot follow links","The pages stop using HTML","B","URL rewriting adds work to every page response."
"Internet Programming 622","Topic 2: Session Controls and Cookies","A preference should persist across visits but account details should stay on the server. Which combined design fits?","Put all account data in a query string","Store all server data in page HTML","Store a small identifier or preference cookie and keep durable data in a server-side store","Use only local variables","C","Cookies can identify the user while more permanent values remain in a protected server store."
"Internet Programming 622","Topic 2: Session Controls and Cookies","What is one useful role for a cookie when combined with sessions?","Replace server-side authentication checks","Store unlimited secure data","Guarantee the browser accepts it","Remember a user identifier or preference across separate visits","D","Cookies can persist small client-side state across visits."
"Internet Programming 622","Topic 2: Session Controls and Cookies","A browser sends a cookie back to the server. What should the server assume about its value?","It is client-supplied and should be validated","It cannot be changed by the user","It is a PHP function","It is always trustworthy because the server set it","A","Client-side values can be altered and must not be blindly trusted."
"Internet Programming 622","Topic 2: Session Controls and Cookies","A session counter uses `$_SESSION[""hits""] = $_SESSION[""hits""] + 1;`. What does it count?","The cookie expiration date","The number of rows in a database","The number of visits or requests tracked by that session","The number of server files","C","Each request increments the session’s stored counter value."
"Internet Programming 622","Topic 2: Session Controls and Cookies","Which statement about session ID cookies is accurate?","The ID is always a username","The browser commonly stores the session identifier while the data store stays on the server","The server never needs a session store","The cookie necessarily contains all session variables","B","The client usually carries the ID and PHP uses it to locate server-side data."
"Internet Programming 622","Topic 2: Session Controls and Cookies","Which state mechanism puts small values visibly in the URL?","An encrypted database index","Server-side session store only","A hidden server variable","Query string","D","Query strings append name-value pairs to the URL."
"Internet Programming 622","Topic 2: Session Controls and Cookies","Why avoid putting sensitive information in a query string?","They cannot be sent over HTTP","Query strings are stored only on the server","URLs can be exposed in browser history logs or shared links","They automatically become password hashes","C","URLs may be retained or shared so sensitive values should not be placed there."
"Internet Programming 622","Topic 2: Session Controls and Cookies","A user selects a color and returns a week later. What should the script check before choosing a default?","Whether the preference cookie exists","Whether the page has an HTML comment","Whether a file is open","Whether a session variable was destroyed","A","Checking for the cookie lets the page restore a saved preference."
"Internet Programming 622","Topic 2: Session Controls and Cookies","What happens to ordinary PHP local variables after a script finishes a request?","They are saved into every user session","They do not automatically persist into the next request","They remain in browser memory","They automatically become cookies","B","Each PHP request starts with a clean script state unless data is persisted explicitly."
"Internet Programming 622","Topic 2: Session Controls and Cookies","A site needs a user’s account identity to retrieve permanent profile data. What is a sensible pattern?","Use a session during interaction and a cookie-held identifier to look up durable server data","Put the profile and password in a URL","Use a local variable across separate requests","Store all account data in a browser cookie","A","The combined approach separates temporary session state from durable account records."
"Internet Programming 622","Topic 2: Session Controls and Cookies","A session has expired but a browser still sends its old session ID cookie. What will the server find?","The entire old session is recreated from the cookie","The database is dropped","The identifier may refer to no current session data","The user is automatically authenticated","C","The cookie may remain even after the session data store has been destroyed."
"Internet Programming 622","Topic 2: Session Controls and Cookies","Which choice is a valid reason to use cookies rather than sessions?","Keeping a PHP local variable alive in one request","Storing a large confidential shopping history directly in the browser","Persisting a small non-sensitive preference across visits","Executing a database query","C","Cookies are useful for small client-side values such as preferences."
"Internet Programming 622","Topic 2: Session Controls and Cookies","Why is HTTP called stateless?","It does not use network connections","It cannot carry headers","It always deletes the browser cookies","Each request is handled independently without built-in memory of previous requests","D","HTTP itself does not associate one request with prior application state."
"Internet Programming 622","Topic 2: Session Controls and Cookies","Which review task demonstrates deleting a cookie?","Remove a variable from a function","Set its expiry into the past then reload the page","Call `session_start()` twice","Hide the cookie name with CSS","B","A past expiration causes the browser to discard the stored cookie."
"Internet Programming 622","Topic 2: Session Controls and Cookies","Which review task demonstrates correct multi-step session handling?","Store every field in the URL and never validate it","Retain values between steps then show a final summary and destroy the session after submission","Display credentials on each step","Delete state after every page and ask users to start again","B","The review exercise requires preserving step data and clearing session state at completion."
